sample_idx,fake_cls,label,prediction,correct,dominant_token,attn_img,attn_txt,attn_cross,attn_diff,attn_scalars,aitr_prob,clip_prob,ateeq_score,deberta_score
0,original,0,1,0,scalars,0.1638,0.1616,0.1636,0.1617,0.183,0.9044,0.8039,0.5678,0.5
1,original,0,1,0,scalars,0.1638,0.1616,0.1636,0.1617,0.1832,0.9403,0.9269,0.8572,0.5
2,original,0,0,1,scalars,0.1638,0.1616,0.1636,0.1618,0.1827,0.5,0.0011,0.4193,0.5
3,original,0,0,1,scalars,0.1639,0.1616,0.1637,0.1619,0.1825,0.33,0.0036,0.1387,0.0027
4,original,0,0,1,scalars,0.1639,0.1617,0.1637,0.1618,0.1825,0.3878,0.0276,0.2051,0.5
5,original,0,0,1,scalars,0.1638,0.1617,0.1637,0.1618,0.1827,0.4106,0.0029,0.306,0.0003
6,original,0,0,1,scalars,0.1639,0.1617,0.1637,0.1619,0.1824,0.3654,0.0052,0.1522,0.0349
7,original,0,0,1,scalars,0.164,0.1617,0.1637,0.1619,0.1822,0.2882,0.0075,0.0176,0.5
8,original,0,0,1,scalars,0.1639,0.1617,0.1637,0.1619,0.1824,0.436,0.156,0.095,0.0002
9,original,0,1,0,scalars,0.1638,0.1616,0.1636,0.1617,0.1831,0.7381,0.0005,0.8684,0.0071
10,original,0,1,0,scalars,0.1639,0.1617,0.1636,0.1617,0.1828,0.9093,0.9737,0.3503,0.3268
11,original,0,0,1,scalars,0.1638,0.1616,0.1636,0.1618,0.1829,0.5724,0.0143,0.5185,0.5
12,original,0,1,0,scalars,0.1638,0.1616,0.1636,0.1618,0.1828,0.8532,0.6771,0.3575,0.0011
13,original,0,0,1,scalars,0.1639,0.1618,0.1637,0.1618,0.1823,0.287,0.0001,0.0518,0.5
14,original,0,1,0,scalars,0.1638,0.1616,0.1636,0.1617,0.1829,0.6678,0.0312,0.6512,0.0014
15,original,0,0,1,scalars,0.1637,0.1615,0.1636,0.1618,0.183,0.5803,0.0,0.5841,0.0077
16,original,0,0,1,scalars,0.1639,0.1617,0.1636,0.1618,0.1826,0.4655,0.0058,0.3403,0.5
17,original,0,0,1,scalars,0.164,0.1617,0.1637,0.1619,0.1824,0.3701,0.0523,0.1066,0.0001
18,original,0,0,1,scalars,0.1639,0.1617,0.1637,0.1619,0.1824,0.3312,0.0091,0.1039,0.5
19,original,0,0,1,scalars,0.1639,0.1617,0.1637,0.1619,0.1823,0.2846,0.0017,0.0388,0.5
20,original,0,0,1,scalars,0.164,0.1617,0.1637,0.1619,0.1823,0.3233,0.0428,0.0389,0.9575
21,original,0,0,1,scalars,0.1638,0.1617,0.1636,0.1617,0.1829,0.5683,0.0024,0.5188,0.274
22,original,0,0,1,scalars,0.164,0.1617,0.1637,0.1619,0.1822,0.3229,0.0345,0.0415,0.015
23,original,0,0,1,scalars,0.1639,0.1617,0.1637,0.1618,0.1823,0.2972,0.0002,0.0524,0.5
24,original,0,0,1,scalars,0.1639,0.1616,0.1637,0.1619,0.1824,0.2897,0.0001,0.0766,0.5
25,original,0,1,0,scalars,0.1638,0.1615,0.1636,0.1618,0.183,0.7916,0.2251,0.6944,0.0028
26,original,0,1,0,scalars,0.1638,0.1616,0.1636,0.1616,0.1831,0.7861,0.1078,0.7976,0.5
27,original,0,0,1,scalars,0.1639,0.1616,0.1637,0.1619,0.1826,0.3871,0.0002,0.2478,0.0016
28,original,0,0,1,scalars,0.1639,0.1616,0.1636,0.1618,0.1828,0.5708,0.0326,0.4907,0.5
29,original,0,0,1,scalars,0.1639,0.1617,0.1637,0.1619,0.1824,0.3333,0.0074,0.119,0.0018
30,original,0,0,1,scalars,0.1639,0.1617,0.1637,0.1619,0.1823,0.3017,0.0013,0.076,0.0534
31,original,0,0,1,scalars,0.1639,0.1617,0.1637,0.1618,0.1826,0.4183,0.0213,0.2603,0.5
32,original,0,0,1,scalars,0.1639,0.1617,0.1637,0.1618,0.1826,0.4026,0.0021,0.2589,0.5
33,original,0,1,0,scalars,0.1638,0.1617,0.1637,0.1618,0.1827,0.9057,0.9891,0.3057,0.9799
34,original,0,0,1,scalars,0.1638,0.1616,0.1636,0.1618,0.1828,0.5488,0.0943,0.4016,0.0048
35,original,0,1,0,scalars,0.1638,0.1616,0.1636,0.1617,0.1829,0.9217,0.9826,0.49,0.0014
36,original,0,1,0,scalars,0.1638,0.1615,0.1635,0.1618,0.1831,0.8576,0.3504,0.8238,0.7611
37,original,0,1,0,scalars,0.1638,0.1616,0.1635,0.1618,0.1831,0.7798,0.0196,0.9353,0.5
38,original,0,0,1,scalars,0.1639,0.1617,0.1637,0.1618,0.1826,0.39,0.0021,0.2524,0.0055
39,original,0,1,0,scalars,0.1638,0.1616,0.1636,0.1617,0.183,0.7569,0.0103,0.8781,0.0071
40,original,0,1,0,scalars,0.1639,0.1617,0.1637,0.1617,0.1827,0.8335,0.77,0.1913,0.0211
41,original,0,1,0,scalars,0.1638,0.1616,0.1636,0.1617,0.183,0.8074,0.191,0.7601,0.0003
42,original,0,1,0,scalars,0.1638,0.1615,0.1636,0.1618,0.1831,0.8358,0.3151,0.7724,0.002
43,original,0,1,0,scalars,0.1638,0.1616,0.1636,0.1617,0.1829,0.6206,0.0171,0.6158,0.0449
44,original,0,1,0,scalars,0.1638,0.1616,0.1636,0.1617,0.1831,0.699,0.0007,0.8055,0.5
45,original,0,0,1,scalars,0.1638,0.1616,0.1636,0.1618,0.1829,0.5374,0.0001,0.5055,0.0961
46,original,0,1,0,scalars,0.1638,0.1616,0.1636,0.1617,0.183,0.6266,0.0001,0.6573,0.5
47,original,0,1,0,scalars,0.1638,0.1615,0.1635,0.1618,0.1831,0.7693,0.0008,0.9653,0.0018
48,original,0,0,1,scalars,0.1638,0.1617,0.1636,0.1617,0.1828,0.5407,0.0127,0.4622,0.5
49,original,0,1,0,scalars,0.1638,0.1616,0.1636,0.1617,0.1831,0.7128,0.0206,0.7685,0.5
50,original,0,0,1,scalars,0.1638,0.1616,0.1636,0.1618,0.1828,0.541,0.0062,0.4694,0.0001
51,original,0,0,1,scalars,0.1639,0.1617,0.1637,0.1619,0.1824,0.3114,0.0,0.1038,0.0783
52,original,0,0,1,scalars,0.1638,0.1616,0.1636,0.1618,0.1829,0.5797,0.0112,0.5415,0.5
53,original,0,0,1,scalars,0.1639,0.1617,0.1637,0.1618,0.1824,0.3269,0.0017,0.1359,0.0005
54,original,0,1,0,scalars,0.1638,0.1616,0.1636,0.1617,0.1831,0.7849,0.1222,0.8366,0.5
55,original,0,1,0,scalars,0.1638,0.1616,0.1636,0.1617,0.1831,0.9302,0.9182,0.7315,0.5
56,original,0,0,1,scalars,0.1639,0.1618,0.1637,0.1618,0.1824,0.3513,0.0048,0.1621,0.0003
57,original,0,0,1,scalars,0.1639,0.1616,0.1636,0.1619,0.1826,0.446,0.005,0.3233,0.0015
58,original,0,0,1,scalars,0.1639,0.1617,0.1636,0.1618,0.1827,0.4539,0.0001,0.3709,0.001
59,original,0,0,1,scalars,0.1638,0.1616,0.1636,0.1618,0.1829,0.4975,0.0,0.4789,0.0139
60,original,0,0,1,scalars,0.1639,0.1616,0.1636,0.1618,0.1828,0.5514,0.0036,0.4965,0.0046
61,original,0,0,1,scalars,0.1639,0.1617,0.1637,0.1619,0.1823,0.2907,0.0013,0.0532,0.0011
62,original,0,0,1,scalars,0.1639,0.1617,0.1637,0.1618,0.1825,0.3679,0.0,0.2254,0.5
63,original,0,0,1,scalars,0.164,0.1617,0.1637,0.1619,0.1824,0.3083,0.002,0.1054,0.0019
64,original,0,1,0,scalars,0.1638,0.1616,0.1636,0.1617,0.1829,0.6412,0.0047,0.6434,0.0009
65,original,0,0,1,scalars,0.1638,0.1617,0.1637,0.1618,0.1827,0.4399,0.0043,0.3251,0.5
66,original,0,1,0,scalars,0.1638,0.1615,0.1636,0.1618,0.1831,0.711,0.0,0.8426,0.5
67,original,0,1,0,scalars,0.1638,0.1615,0.1636,0.1618,0.1831,0.9188,0.8402,0.6664,0.0003
68,original,0,0,1,scalars,0.164,0.1617,0.1637,0.1619,0.1823,0.2926,0.0035,0.0517,0.8894
69,original,0,0,1,scalars,0.164,0.1617,0.1637,0.1619,0.1822,0.2812,0.0027,0.0192,0.0021
70,original,0,0,1,scalars,0.1639,0.1617,0.1636,0.1618,0.1826,0.4113,0.0001,0.2857,0.253
71,original,0,0,1,scalars,0.1639,0.1616,0.1637,0.1618,0.1826,0.3709,0.0,0.2446,0.9759
72,original,0,0,1,scalars,0.164,0.1617,0.1637,0.1619,0.1824,0.3051,0.0075,0.1028,0.0014
73,original,0,0,1,scalars,0.1639,0.1616,0.1636,0.1618,0.1828,0.492,0.002,0.428,0.0001
74,original,0,0,1,scalars,0.1639,0.1616,0.1637,0.1619,0.1825,0.3583,0.0003,0.1994,0.5
75,original,0,0,1,scalars,0.1639,0.1617,0.1637,0.1619,0.1824,0.3324,0.0005,0.1357,0.7726
76,original,0,1,0,scalars,0.1638,0.1617,0.1636,0.1617,0.1829,0.647,0.017,0.6224,0.0028
77,original,0,0,1,scalars,0.1639,0.1617,0.1637,0.1618,0.1824,0.3111,0.0088,0.0948,0.0008
78,original,0,0,1,scalars,0.1639,0.1617,0.1637,0.1618,0.1827,0.4974,0.0973,0.3103,0.5
79,original,0,0,1,scalars,0.1639,0.1617,0.1637,0.1618,0.1826,0.4251,0.0077,0.2777,0.9408
80,original,0,1,0,scalars,0.1638,0.1616,0.1636,0.1617,0.183,0.8683,0.6417,0.5552,0.5
81,original,0,0,1,scalars,0.1639,0.1616,0.1636,0.1619,0.1827,0.4278,0.0008,0.329,0.5
82,original,0,0,1,scalars,0.1639,0.1617,0.1636,0.1617,0.1828,0.5993,0.055,0.5182,0.96
83,original,0,1,0,scalars,0.1639,0.1616,0.1636,0.1618,0.1829,0.8863,0.7477,0.5046,0.0006
84,original,0,0,1,scalars,0.1639,0.1617,0.1637,0.1618,0.1824,0.3361,0.0008,0.1335,0.0486
85,original,0,0,1,scalars,0.1639,0.1618,0.1637,0.1618,0.1823,0.2906,0.0017,0.0429,0.5
86,original,0,0,1,scalars,0.164,0.1617,0.1637,0.1619,0.1825,0.3264,0.0,0.1644,0.0001
87,original,0,0,1,scalars,0.1639,0.1617,0.1637,0.1618,0.1823,0.3231,0.0239,0.0785,0.4244
88,original,0,0,1,scalars,0.1639,0.1617,0.1637,0.1618,0.1826,0.4366,0.003,0.2968,0.5
89,original,0,1,0,scalars,0.1638,0.1617,0.1636,0.1617,0.183,0.6739,0.0611,0.6515,0.5
90,original,0,0,1,scalars,0.164,0.1617,0.1637,0.1619,0.1823,0.3134,0.0008,0.0984,0.5
91,original,0,0,1,scalars,0.1639,0.1616,0.1636,0.1618,0.1828,0.508,0.0001,0.4579,0.0028
92,original,0,1,0,scalars,0.1638,0.1616,0.1636,0.1618,0.183,0.694,0.0793,0.6669,0.5
93,original,0,1,0,scalars,0.1638,0.1615,0.1635,0.1618,0.1831,0.7554,0.0,0.9745,0.0051
94,original,0,0,1,scalars,0.1639,0.1616,0.1636,0.1619,0.1827,0.4447,0.0018,0.3407,0.9547
95,original,0,0,1,scalars,0.1639,0.1617,0.1637,0.1619,0.1824,0.2803,0.0001,0.0785,0.0028
96,original,0,0,1,scalars,0.1639,0.1617,0.1637,0.1619,0.1825,0.4083,0.0737,0.1806,0.0005
97,original,0,0,1,scalars,0.164,0.1616,0.1637,0.162,0.1823,0.2976,0.0004,0.0916,0.0003
98,original,0,1,0,scalars,0.1638,0.1616,0.1636,0.1617,0.183,0.9465,0.9997,0.7646,0.0558
99,original,0,0,1,scalars,0.1639,0.1617,0.1637,0.1619,0.1825,0.5788,0.3327,0.1524,0.5
100,original,0,0,1,scalars,0.1638,0.1617,0.1636,0.1617,0.1828,0.5091,0.0067,0.4305,0.5
101,original,0,0,1,scalars,0.1639,0.1617,0.1637,0.1618,0.1825,0.3638,0.0153,0.2181,0.0038
102,original,0,0,1,scalars,0.1639,0.1617,0.1637,0.1618,0.1824,0.3069,0.0015,0.1149,0.022
103,original,0,0,1,scalars,0.1639,0.1616,0.1637,0.1619,0.1825,0.4004,0.0474,0.2049,0.0011
104,original,0,0,1,scalars,0.1639,0.1617,0.1637,0.1618,0.1824,0.3116,0.0001,0.124,0.5963
105,original,0,0,1,scalars,0.1639,0.1616,0.1636,0.1618,0.1828,0.5251,0.0015,0.4524,0.5
106,original,0,1,0,scalars,0.1638,0.1616,0.1636,0.1617,0.183,0.6511,0.0005,0.7108,0.0005
107,original,0,0,1,scalars,0.1639,0.1617,0.1637,0.1618,0.1826,0.4304,0.0537,0.2592,0.5
108,original,0,0,1,scalars,0.1639,0.1617,0.1637,0.1618,0.1826,0.4014,0.0009,0.2902,0.0023
109,original,0,0,1,scalars,0.164,0.1617,0.1637,0.162,0.1822,0.2785,0.0032,0.0211,0.0051
110,original,0,0,1,scalars,0.1639,0.1617,0.1636,0.1618,0.1826,0.459,0.0157,0.3373,0.5
111,original,0,0,1,scalars,0.1638,0.1616,0.1636,0.1618,0.1829,0.5728,0.0215,0.5152,0.0024
112,original,0,1,0,scalars,0.1638,0.1615,0.1636,0.1618,0.183,0.9414,0.9626,0.6957,0.0103
113,original,0,0,1,scalars,0.1639,0.1617,0.1637,0.1618,0.1825,0.3896,0.001,0.2388,0.5
114,original,0,1,0,scalars,0.1638,0.1616,0.1636,0.1617,0.183,0.9285,0.9922,0.56,0.5
115,original,0,1,0,scalars,0.1639,0.1617,0.1637,0.1619,0.1825,0.8486,0.8906,0.0593,0.0096
116,original,0,1,0,scalars,0.1638,0.1616,0.1636,0.1617,0.1829,0.6164,0.0873,0.5237,0.0125
117,original,0,1,0,scalars,0.1638,0.1615,0.1635,0.1618,0.1831,0.7677,0.0,0.9692,0.5
118,original,0,0,1,scalars,0.1639,0.1617,0.1637,0.1618,0.1826,0.3873,0.0001,0.2729,0.0052
119,original,0,0,1,scalars,0.1638,0.1616,0.1636,0.1618,0.1829,0.5343,0.0016,0.4988,0.5
120,original,0,0,1,scalars,0.1639,0.1617,0.1637,0.1618,0.1826,0.42,0.0034,0.2842,0.5
121,original,0,1,0,scalars,0.1638,0.1616,0.1636,0.1617,0.183,0.6413,0.0,0.706,0.5
122,original,0,0,1,scalars,0.164,0.1617,0.1637,0.1619,0.1823,0.3289,0.0443,0.038,0.0016
123,original,0,0,1,scalars,0.1639,0.1617,0.1637,0.1619,0.1825,0.3071,0.0002,0.1322,0.0002
124,original,0,0,1,scalars,0.1639,0.1616,0.1637,0.1618,0.1826,0.4009,0.0029,0.2854,0.0035
125,original,0,0,1,scalars,0.1639,0.1616,0.1636,0.1619,0.1826,0.3894,0.0,0.2562,0.0043
126,original,0,0,1,scalars,0.1639,0.1617,0.1637,0.1618,0.1825,0.3519,0.0044,0.1815,0.5
127,original,0,0,1,scalars,0.1639,0.1617,0.1637,0.1619,0.1823,0.3004,0.0011,0.0578,0.0058
128,original,0,0,1,scalars,0.1639,0.1616,0.1636,0.1619,0.1828,0.499,0.0003,0.4224,0.5
129,original,0,0,1,scalars,0.1639,0.1617,0.1637,0.1618,0.1826,0.3872,0.0056,0.2391,0.5
130,original,0,1,0,scalars,0.1638,0.1615,0.1636,0.1618,0.183,0.9401,0.985,0.7089,0.5
131,original,0,0,1,scalars,0.1638,0.1616,0.1636,0.1617,0.1829,0.5632,0.0285,0.5065,0.0351
132,original,0,0,1,scalars,0.164,0.1617,0.1637,0.1618,0.1823,0.3785,0.0785,0.0959,0.5
133,original,0,0,1,scalars,0.1639,0.1616,0.1637,0.1619,0.1826,0.3499,0.0,0.2265,0.1282
134,original,0,0,1,scalars,0.1639,0.1616,0.1637,0.1619,0.1824,0.3425,0.03,0.1336,0.0116
135,original,0,0,1,scalars,0.1639,0.1616,0.1637,0.1619,0.1825,0.3351,0.0042,0.1868,0.0067
136,original,0,0,1,scalars,0.1639,0.1617,0.1637,0.1618,0.1825,0.3312,0.0024,0.1641,0.0005
137,original,0,0,1,scalars,0.1639,0.1617,0.1637,0.1617,0.1826,0.5553,0.1648,0.2808,0.5
138,original,0,0,1,scalars,0.1638,0.1616,0.1636,0.1618,0.1829,0.5466,0.0005,0.5106,0.5
139,original,0,1,0,scalars,0.1639,0.1616,0.1637,0.1619,0.1826,0.8903,0.9909,0.209,0.5
140,original,0,0,1,scalars,0.1639,0.1617,0.1636,0.1618,0.1827,0.4688,0.0055,0.3774,0.5
141,original,0,0,1,scalars,0.1639,0.1616,0.1637,0.1618,0.1826,0.3797,0.0,0.2407,0.0025
142,original,0,0,1,scalars,0.1639,0.1617,0.1637,0.1618,0.1826,0.4055,0.0114,0.2666,0.0003
143,original,0,1,0,scalars,0.1639,0.1617,0.1637,0.1618,0.1826,0.8671,0.9332,0.1768,0.0038
144,original,0,1,0,scalars,0.1638,0.1616,0.1636,0.1617,0.183,0.6779,0.0207,0.7135,0.0008
145,original,0,0,1,scalars,0.1639,0.1617,0.1637,0.1618,0.1825,0.3577,0.0001,0.228,0.0024
146,original,0,0,1,scalars,0.1639,0.1616,0.1636,0.1619,0.1826,0.4306,0.0079,0.3225,0.0001
147,original,0,1,0,scalars,0.1638,0.1616,0.1636,0.1618,0.1829,0.9191,0.9729,0.4959,0.5
148,original,0,0,1,scalars,0.1638,0.1617,0.1637,0.1618,0.1827,0.4684,0.0278,0.3201,0.3585
149,original,0,0,1,scalars,0.1638,0.1616,0.1637,0.1618,0.1827,0.4893,0.1082,0.2946,0.5
150,original,0,0,1,scalars,0.1639,0.1617,0.1637,0.1618,0.1824,0.363,0.0112,0.1487,0.0003
151,original,0,0,1,scalars,0.164,0.1617,0.1637,0.1619,0.1822,0.2826,0.0038,0.0103,0.5
152,original,0,0,1,scalars,0.1639,0.1617,0.1637,0.162,0.1822,0.2941,0.0072,0.0364,0.0002
153,original,0,0,1,scalars,0.1639,0.1617,0.1637,0.1619,0.1824,0.3047,0.0,0.1113,0.5
154,original,0,0,1,scalars,0.1639,0.1617,0.1637,0.1618,0.1826,0.4719,0.1062,0.2597,0.0004
155,original,0,1,0,scalars,0.1639,0.1616,0.1637,0.1619,0.1826,0.8899,0.9971,0.1788,0.0006
156,original,0,0,1,scalars,0.1639,0.1617,0.1636,0.1618,0.1826,0.4596,0.0474,0.2972,0.004
157,original,0,0,1,scalars,0.164,0.1617,0.1637,0.1619,0.1824,0.3271,0.0015,0.1219,0.0015
158,original,0,0,1,scalars,0.1639,0.1617,0.1637,0.1619,0.1824,0.3266,0.0007,0.1349,0.0172
159,original,0,0,1,scalars,0.1639,0.1616,0.1636,0.1618,0.1828,0.5257,0.0002,0.4907,0.0
160,original,0,0,1,scalars,0.1639,0.1617,0.1637,0.1619,0.1825,0.386,0.0021,0.2298,0.0045
161,original,0,0,1,scalars,0.1639,0.1617,0.1637,0.1619,0.1824,0.336,0.0077,0.1718,0.0025
162,original,0,0,1,scalars,0.1639,0.1616,0.1637,0.1619,0.1826,0.4039,0.0003,0.2712,0.0001
163,original,0,0,1,scalars,0.164,0.1618,0.1637,0.1618,0.1822,0.3012,0.025,0.0007,0.5
164,original,0,0,1,scalars,0.1639,0.1617,0.1637,0.1619,0.1825,0.3489,0.0012,0.1822,0.5
165,original,0,0,1,scalars,0.1639,0.1617,0.1637,0.1618,0.1825,0.3613,0.0014,0.2064,0.5
166,original,0,1,0,scalars,0.1638,0.1616,0.1636,0.1617,0.1831,0.7173,0.0012,0.8313,0.5
167,original,0,1,0,scalars,0.1638,0.1617,0.1636,0.1617,0.1829,0.6896,0.1031,0.5859,0.0075
168,original,0,1,0,scalars,0.1639,0.1617,0.1637,0.1618,0.1825,0.8851,0.9971,0.1326,0.5
169,original,0,0,1,scalars,0.1639,0.1616,0.1636,0.1618,0.1827,0.4704,0.0003,0.3957,0.0002
170,original,0,0,1,scalars,0.1639,0.1616,0.1636,0.1619,0.1827,0.4849,0.0047,0.3988,0.0008
171,original,0,0,1,scalars,0.1639,0.1617,0.1637,0.1618,0.1825,0.3759,0.0053,0.2122,0.0008
172,original,0,0,1,scalars,0.1639,0.1617,0.1637,0.1619,0.1823,0.434,0.1839,0.0477,0.5
173,original,0,1,0,scalars,0.1638,0.1616,0.1636,0.1617,0.1831,0.9277,0.8126,0.7277,0.021
174,original,0,0,1,scalars,0.1639,0.1617,0.1636,0.1618,0.1828,0.5231,0.0049,0.484,0.9442
175,original,0,0,1,scalars,0.1639,0.1616,0.1636,0.1618,0.1828,0.5289,0.0006,0.4612,0.5
176,original,0,1,0,scalars,0.1638,0.1616,0.1636,0.1617,0.1832,0.866,0.3065,0.892,0.0365
177,original,0,0,1,scalars,0.1639,0.1617,0.1637,0.1618,0.1825,0.5274,0.2672,0.1609,0.2832
178,original,0,0,1,scalars,0.1639,0.1617,0.1637,0.1619,0.1824,0.3061,0.0002,0.0951,0.5
179,original,0,1,0,scalars,0.1638,0.1616,0.1636,0.1617,0.1831,0.7287,0.0002,0.9187,0.5
180,original,0,0,1,scalars,0.1639,0.1617,0.1636,0.1618,0.1827,0.4616,0.0,0.3805,0.5
181,original,0,0,1,scalars,0.1639,0.1618,0.1637,0.1618,0.1825,0.4258,0.0939,0.169,0.5
182,original,0,0,1,scalars,0.1639,0.1617,0.1636,0.1618,0.1826,0.4182,0.0011,0.314,0.0002
183,original,0,1,0,scalars,0.1639,0.1615,0.1635,0.1618,0.183,0.7253,0.0005,0.8434,0.0009
184,original,0,1,0,scalars,0.1638,0.1616,0.1636,0.1617,0.1829,0.6346,0.0007,0.6547,0.0004
185,original,0,1,0,scalars,0.1639,0.1616,0.1637,0.1618,0.1827,0.6055,0.2684,0.2596,0.5
186,original,0,0,1,scalars,0.1639,0.1616,0.1637,0.1619,0.1826,0.4015,0.0171,0.2582,0.0042
187,original,0,0,1,scalars,0.1639,0.1617,0.1637,0.1618,0.1824,0.3784,0.037,0.1424,0.5
188,original,0,0,1,scalars,0.1639,0.1617,0.1637,0.1618,0.1826,0.3881,0.0009,0.26,0.9802
189,original,0,0,1,scalars,0.1639,0.1616,0.1637,0.1619,0.1826,0.4453,0.055,0.2577,0.0001
190,original,0,1,0,scalars,0.1638,0.1616,0.1636,0.1617,0.183,0.7283,0.0353,0.7849,0.0001
191,original,0,0,1,scalars,0.1638,0.1617,0.1636,0.1617,0.1828,0.5021,0.0062,0.4478,0.0011
192,original,0,0,1,scalars,0.1639,0.1617,0.1637,0.1619,0.1823,0.2929,0.0051,0.0224,0.0006
193,original,0,1,0,scalars,0.1639,0.1617,0.1636,0.1617,0.1829,0.6765,0.1077,0.5732,0.5
194,original,0,0,1,scalars,0.1639,0.1618,0.1637,0.1618,0.1825,0.3906,0.0337,0.1908,0.002
195,original,0,1,0,scalars,0.1639,0.1617,0.1637,0.1618,0.1826,0.7997,0.6704,0.1565,0.5
196,original,0,1,0,scalars,0.1638,0.1616,0.1636,0.1617,0.1831,0.7619,0.0418,0.8906,0.0223
197,original,0,1,0,scalars,0.1639,0.1617,0.1637,0.1617,0.1827,0.879,0.898,0.2071,0.0052
198,original,0,0,1,scalars,0.1639,0.1616,0.1636,0.1619,0.1826,0.4553,0.011,0.328,0.1
199,original,0,0,1,scalars,0.164,0.1617,0.1637,0.1619,0.1823,0.2767,0.0003,0.0487,0.0012
200,original,0,1,0,scalars,0.1638,0.1616,0.1636,0.1617,0.183,0.6977,0.0006,0.7694,0.5
201,original,0,1,0,scalars,0.1638,0.1616,0.1636,0.1618,0.1831,0.7645,0.1225,0.8046,0.5
202,original,0,1,0,scalars,0.1638,0.1616,0.1636,0.1617,0.1831,0.7238,0.0004,0.8378,0.5
203,original,0,1,0,scalars,0.1639,0.1616,0.1636,0.1619,0.1827,0.6695,0.3482,0.3083,0.5
204,original,0,1,0,scalars,0.1638,0.1616,0.1636,0.1617,0.1831,0.9145,0.7132,0.7538,0.5
205,original,0,0,1,scalars,0.1638,0.1616,0.1636,0.1618,0.1829,0.5933,0.0,0.6001,0.5
206,original,0,1,0,scalars,0.1638,0.1617,0.1636,0.1617,0.1829,0.6631,0.0051,0.6871,0.5
207,original,0,1,0,scalars,0.1638,0.1615,0.1636,0.1618,0.183,0.744,0.0948,0.7526,0.5
208,original,0,1,0,scalars,0.1638,0.1617,0.1636,0.1617,0.1828,0.6535,0.1729,0.4575,0.5
209,original,0,1,0,scalars,0.1638,0.1615,0.1635,0.1618,0.1831,0.9389,0.9457,0.8282,0.9785
210,original,0,1,0,scalars,0.1639,0.1616,0.1637,0.1618,0.1827,0.8806,0.9167,0.2208,0.5
211,original,0,1,0,scalars,0.1638,0.1617,0.1636,0.1617,0.1828,0.8822,0.768,0.386,0.5
212,original,0,0,1,scalars,0.1639,0.1617,0.1637,0.1618,0.1825,0.3888,0.0075,0.2249,0.0218
213,original,0,1,0,scalars,0.1638,0.1616,0.1636,0.1617,0.1831,0.7734,0.0031,0.9401,0.4565
214,original,0,1,0,scalars,0.1638,0.1616,0.1636,0.1618,0.1829,0.875,0.6157,0.5226,0.5
215,original,0,0,1,scalars,0.1638,0.1616,0.1636,0.1617,0.1828,0.5562,0.0039,0.5021,0.5
216,original,0,1,0,scalars,0.1638,0.1616,0.1636,0.1617,0.1831,0.7578,0.017,0.8912,0.0759
217,original,0,1,0,scalars,0.1638,0.1616,0.1636,0.1617,0.1831,0.8933,0.6268,0.6476,0.188
218,original,0,1,0,scalars,0.1638,0.1616,0.1636,0.1617,0.183,0.9251,0.9236,0.6025,0.5
219,original,0,1,0,scalars,0.1638,0.1616,0.1636,0.1617,0.183,0.6738,0.0016,0.7228,0.5
220,original,0,1,0,scalars,0.1638,0.1616,0.1636,0.1618,0.183,0.6635,0.001,0.707,0.5
221,original,0,1,0,scalars,0.1639,0.1617,0.1637,0.1617,0.1826,0.6013,0.2235,0.2765,0.0114
222,original,0,1,0,scalars,0.1638,0.1615,0.1636,0.1618,0.183,0.7305,0.0772,0.738,0.5
223,original,0,0,1,scalars,0.1639,0.1616,0.1637,0.1619,0.1825,0.3662,0.0083,0.1944,0.5
224,original,0,1,0,scalars,0.1638,0.1616,0.1636,0.1618,0.1828,0.7363,0.3344,0.4222,0.5
225,original,0,1,0,scalars,0.1639,0.1616,0.1636,0.1618,0.1828,0.9077,0.953,0.3993,0.0599
226,original,0,0,1,scalars,0.1638,0.1616,0.1636,0.1618,0.1829,0.5849,0.001,0.5696,0.0085
227,original,0,1,0,scalars,0.1638,0.1616,0.1636,0.1617,0.183,0.7229,0.0939,0.7019,0.5
228,original,0,1,0,scalars,0.1638,0.1616,0.1636,0.1617,0.1831,0.7621,0.0347,0.8778,0.5
229,original,0,1,0,scalars,0.1638,0.1616,0.1635,0.1617,0.1831,0.9222,0.6517,0.8669,0.9903
230,original,0,1,0,scalars,0.1639,0.1616,0.1636,0.1618,0.183,0.7116,0.0473,0.7141,0.0066
231,original,0,0,1,scalars,0.1639,0.1616,0.1636,0.1618,0.1828,0.5942,0.0574,0.498,0.9886
232,original,0,1,0,scalars,0.1639,0.1616,0.1636,0.1618,0.1829,0.9344,0.9896,0.5982,0.5
233,original,0,1,0,scalars,0.1638,0.1616,0.1636,0.1617,0.1831,0.7572,0.0104,0.9198,0.0026
234,original,0,0,1,scalars,0.1639,0.1616,0.1636,0.1618,0.1828,0.528,0.0006,0.4768,0.5
235,original,0,1,0,scalars,0.1638,0.1616,0.1636,0.1616,0.1831,0.938,0.9534,0.7818,0.9814
236,original,0,1,0,scalars,0.1638,0.1616,0.1636,0.1617,0.183,0.672,0.0054,0.6966,0.5
237,original,0,0,1,scalars,0.1639,0.1617,0.1637,0.1618,0.1826,0.5442,0.1569,0.2837,0.5
238,original,0,1,0,scalars,0.1638,0.1616,0.1636,0.1617,0.183,0.7479,0.0758,0.7902,0.5
239,original,0,1,0,scalars,0.1638,0.1616,0.1635,0.1617,0.1831,0.7645,0.0134,0.9306,0.5
240,original,0,1,0,scalars,0.1639,0.1616,0.1637,0.1619,0.1825,0.8372,0.8157,0.1197,0.5
241,original,0,0,1,scalars,0.1639,0.1616,0.1636,0.1618,0.1827,0.5102,0.0019,0.4354,0.0345
242,original,0,0,1,scalars,0.1639,0.1616,0.1636,0.1619,0.1827,0.5677,0.0815,0.411,0.1623
243,original,0,0,1,scalars,0.1638,0.1616,0.1636,0.1618,0.1828,0.5558,0.0101,0.5038,0.5
244,original,0,1,0,scalars,0.1638,0.1616,0.1636,0.1617,0.183,0.7079,0.0122,0.7725,0.1083
245,original,0,1,0,scalars,0.1638,0.1616,0.1636,0.1617,0.183,0.6927,0.0219,0.6993,0.0002
246,original,0,1,0,scalars,0.1637,0.1616,0.1636,0.1616,0.1832,0.8944,0.5356,0.8701,0.5
247,original,0,0,1,scalars,0.1639,0.1617,0.1637,0.1618,0.1826,0.4314,0.001,0.3222,0.0022
248,original,0,0,1,scalars,0.164,0.1617,0.1637,0.1619,0.1824,0.357,0.016,0.131,0.0001
249,original,0,0,1,scalars,0.1639,0.1616,0.1636,0.1619,0.1828,0.5432,0.0059,0.464,0.004
250,original,0,1,0,scalars,0.1639,0.1617,0.1636,0.1618,0.1826,0.6655,0.3348,0.2633,0.5
251,original,0,1,0,scalars,0.1638,0.1616,0.1636,0.1617,0.1829,0.6063,0.0001,0.6163,0.0067
252,original,0,0,1,scalars,0.164,0.1618,0.1637,0.1619,0.1823,0.3718,0.1138,0.0494,0.5
253,original,0,0,1,scalars,0.1639,0.1618,0.1637,0.1618,0.1824,0.3989,0.0595,0.1544,0.5
254,original,0,1,0,scalars,0.1638,0.1616,0.1636,0.1617,0.183,0.7481,0.1631,0.6774,0.5
255,original,0,0,1,scalars,0.1639,0.1617,0.1637,0.1619,0.1825,0.3527,0.0001,0.1814,0.5
256,original,0,0,1,scalars,0.1638,0.1616,0.1636,0.1618,0.1828,0.5126,0.0,0.4702,0.5
257,original,0,1,0,scalars,0.1638,0.1617,0.1636,0.1617,0.1829,0.9273,0.9985,0.5169,0.6273
258,original,0,0,1,scalars,0.1639,0.1617,0.1636,0.1617,0.1828,0.5927,0.0091,0.5587,0.5
259,original,0,1,0,scalars,0.1638,0.1616,0.1636,0.1618,0.1829,0.8439,0.5879,0.4247,0.0001
260,original,0,0,1,scalars,0.1639,0.1616,0.1637,0.1618,0.1827,0.4857,0.0314,0.3466,0.5
261,original,0,1,0,scalars,0.1639,0.1617,0.1637,0.1618,0.1825,0.9163,1.0,0.18,0.5
262,original,0,0,1,scalars,0.164,0.1618,0.1637,0.1619,0.1822,0.2729,0.0,0.0067,0.5
263,original,0,0,1,scalars,0.1639,0.1617,0.1637,0.1619,0.1824,0.3378,0.0208,0.1058,0.5
264,original,0,1,0,scalars,0.1638,0.1616,0.1636,0.1617,0.1831,0.72,0.001,0.8583,0.5
265,original,0,0,1,scalars,0.1639,0.1616,0.1636,0.1618,0.1829,0.5639,0.0005,0.5439,0.0206
266,original,0,1,0,scalars,0.1639,0.1617,0.1637,0.1618,0.1826,0.609,0.2637,0.231,0.5
267,original,0,0,1,scalars,0.1639,0.1617,0.1637,0.1618,0.1825,0.4047,0.0298,0.1947,0.5
268,original,0,1,0,scalars,0.1638,0.1616,0.1636,0.1618,0.1829,0.6404,0.0065,0.6445,0.5
269,original,0,0,1,scalars,0.1639,0.1616,0.1637,0.1618,0.1827,0.4153,0.0,0.3104,0.5
270,original,0,0,1,scalars,0.164,0.1617,0.1637,0.1618,0.1824,0.3638,0.0131,0.1779,0.5
271,original,0,0,1,scalars,0.1638,0.1616,0.1636,0.1618,0.1829,0.5578,0.0001,0.5274,0.5
272,original,0,0,1,scalars,0.1639,0.1617,0.1637,0.1618,0.1826,0.3773,0.0,0.2705,0.5
273,original,0,0,1,scalars,0.1639,0.1616,0.1636,0.1618,0.1827,0.49,0.0006,0.3928,0.0056
274,original,0,0,1,scalars,0.1639,0.1617,0.1636,0.1617,0.1827,0.4749,0.0011,0.3743,0.0028
275,original,0,1,0,scalars,0.1639,0.1617,0.1636,0.1617,0.1829,0.6235,0.0037,0.6248,0.9688
276,original,0,1,0,scalars,0.1639,0.1616,0.1636,0.1618,0.1826,0.8621,0.831,0.2223,0.2121
277,original,0,0,1,scalars,0.1639,0.1616,0.1636,0.1619,0.1826,0.4059,0.0008,0.2698,0.5
278,original,0,0,1,scalars,0.1639,0.1617,0.1636,0.1618,0.1827,0.4205,0.0,0.3363,0.5
279,original,0,1,0,scalars,0.1638,0.1615,0.1636,0.1618,0.1829,0.613,0.0038,0.6189,0.5
280,original,0,1,0,scalars,0.1638,0.1615,0.1636,0.1618,0.1829,0.6001,0.0,0.6037,0.5
281,original,0,0,1,scalars,0.1639,0.1616,0.1636,0.1618,0.1828,0.5251,0.0,0.5032,0.005
282,original,0,1,0,scalars,0.1639,0.1616,0.1635,0.1618,0.183,0.74,0.0038,0.8531,0.0028
283,original,0,0,1,scalars,0.1639,0.1616,0.1637,0.1619,0.1825,0.3955,0.0051,0.2458,0.5
284,original,0,0,1,scalars,0.1639,0.1616,0.1636,0.1618,0.1828,0.5245,0.001,0.4704,0.5
285,original,0,1,0,scalars,0.1638,0.1616,0.1636,0.1618,0.1829,0.6258,0.0011,0.6039,0.0029
286,original,0,1,0,scalars,0.1639,0.1616,0.1636,0.1618,0.1829,0.9342,0.9991,0.5257,0.0006
287,original,0,1,0,scalars,0.1638,0.1616,0.1636,0.1618,0.1829,0.8967,0.855,0.4207,0.0007
288,original,0,1,0,scalars,0.1638,0.1616,0.1636,0.1617,0.183,0.7183,0.0004,0.8226,0.5
289,original,0,0,1,scalars,0.1639,0.1616,0.1636,0.1618,0.1829,0.5604,0.0,0.601,0.5
290,original,0,0,1,scalars,0.1639,0.1616,0.1636,0.1618,0.1828,0.5571,0.0014,0.5098,0.5
291,original,0,0,1,scalars,0.1639,0.1617,0.1637,0.1619,0.1824,0.3621,0.0161,0.1346,0.0006
292,original,0,0,1,scalars,0.164,0.1617,0.1637,0.1619,0.1822,0.3184,0.0466,0.0069,0.5
293,original,0,1,0,scalars,0.1638,0.1617,0.1636,0.1617,0.1828,0.9248,0.9999,0.4535,0.5
294,original,0,0,1,scalars,0.1639,0.1617,0.1637,0.1618,0.1825,0.4572,0.0612,0.2539,0.5
295,original,0,1,0,scalars,0.1638,0.1615,0.1636,0.1618,0.1829,0.632,0.0006,0.6592,0.5
296,original,0,1,0,scalars,0.1638,0.1615,0.1636,0.1618,0.1831,0.7194,0.0,0.8415,0.5
297,original,0,0,1,scalars,0.1639,0.1617,0.1637,0.1617,0.1827,0.5411,0.0985,0.3363,0.5
298,original,0,1,0,scalars,0.1638,0.1616,0.1636,0.1618,0.1829,0.6566,0.0028,0.691,0.0011
299,original,0,0,1,scalars,0.1639,0.1617,0.1637,0.1618,0.1825,0.372,0.0,0.2168,0.5
300,textual_veracity_distortion,1,1,1,scalars,0.1638,0.1616,0.1636,0.1617,0.183,0.648,0.0,0.7084,0.5
301,textual_veracity_distortion,1,1,1,scalars,0.1638,0.1616,0.1636,0.1617,0.1831,0.7672,0.0012,0.902,0.0002
302,textual_veracity_distortion,1,1,1,scalars,0.1638,0.1616,0.1636,0.1617,0.1831,0.8815,0.4809,0.7571,0.5
303,textual_veracity_distortion,1,1,1,scalars,0.1638,0.1616,0.1636,0.1617,0.1832,0.8616,0.3678,0.8417,0.0044
304,textual_veracity_distortion,1,1,1,scalars,0.1637,0.1616,0.1636,0.1617,0.1832,0.9458,0.9952,0.8797,0.0
305,textual_veracity_distortion,1,1,1,scalars,0.1638,0.1616,0.1636,0.1617,0.1831,0.9077,0.7387,0.6773,0.0041
306,textual_veracity_distortion,1,1,1,scalars,0.1638,0.1616,0.1636,0.1617,0.1831,0.7858,0.0059,0.9999,0.5
307,textual_veracity_distortion,1,1,1,scalars,0.1638,0.1616,0.1635,0.1617,0.1831,0.7612,0.0067,0.892,0.5
308,textual_veracity_distortion,1,1,1,scalars,0.1637,0.1615,0.1636,0.1617,0.1832,0.9498,0.9984,0.9588,0.5
309,textual_veracity_distortion,1,1,1,scalars,0.1638,0.1616,0.1636,0.1617,0.1832,0.9238,0.7023,0.896,0.0006
310,textual_veracity_distortion,1,1,1,scalars,0.1638,0.1616,0.1636,0.1618,0.183,0.7592,0.0731,0.7872,0.0022
311,textual_veracity_distortion,1,1,1,scalars,0.1638,0.1615,0.1636,0.1617,0.1831,0.7711,0.0001,0.9866,0.0007
312,textual_veracity_distortion,1,1,1,scalars,0.1638,0.1616,0.1635,0.1617,0.1831,0.8023,0.0204,0.9993,0.5
313,textual_veracity_distortion,1,1,1,scalars,0.1638,0.1616,0.1636,0.1617,0.1831,0.7503,0.0001,0.9661,0.0031
314,textual_veracity_distortion,1,1,1,scalars,0.1638,0.1615,0.1635,0.1618,0.1831,0.8567,0.2512,0.9153,0.0004
315,textual_veracity_distortion,1,1,1,scalars,0.1638,0.1616,0.1636,0.1617,0.1831,0.7894,0.0119,0.9817,0.5
316,textual_veracity_distortion,1,1,1,scalars,0.1638,0.1615,0.1635,0.1618,0.1832,0.8621,0.2708,0.9795,0.0058
317,textual_veracity_distortion,1,1,1,scalars,0.1638,0.1616,0.1635,0.1617,0.1831,0.8107,0.0792,0.9854,0.0104
318,textual_veracity_distortion,1,1,1,scalars,0.1637,0.1616,0.1636,0.1617,0.1832,0.9469,0.9791,0.8859,0.0
319,textual_veracity_distortion,1,1,1,scalars,0.1638,0.1616,0.1636,0.1617,0.1831,0.7763,0.001,0.9938,0.0001
320,textual_veracity_distortion,1,1,1,scalars,0.1638,0.1616,0.1635,0.1617,0.1831,0.9424,0.9666,0.8411,0.5
321,textual_veracity_distortion,1,1,1,scalars,0.1638,0.1615,0.1635,0.1618,0.1831,0.786,0.0113,0.9749,0.5
322,textual_veracity_distortion,1,1,1,scalars,0.1638,0.1617,0.1636,0.1616,0.1831,0.7451,0.0073,0.8722,0.0009
323,textual_veracity_distortion,1,1,1,scalars,0.1638,0.1615,0.1636,0.1618,0.1831,0.8036,0.0383,0.9544,0.5
324,textual_veracity_distortion,1,1,1,scalars,0.1638,0.1615,0.1636,0.1618,0.1831,0.7691,0.0019,0.9394,0.5
325,textual_veracity_distortion,1,1,1,scalars,0.1638,0.1616,0.1635,0.1617,0.1832,0.8639,0.3398,0.9182,0.0003
326,textual_veracity_distortion,1,1,1,scalars,0.1638,0.1616,0.1635,0.1617,0.1831,0.787,0.0079,0.9794,0.5
327,textual_veracity_distortion,1,1,1,scalars,0.1638,0.1616,0.1635,0.1617,0.1831,0.7635,0.0028,0.9459,0.0027
328,textual_veracity_distortion,1,1,1,scalars,0.1638,0.1615,0.1636,0.1617,0.1831,0.7789,0.0017,0.9904,0.5
329,textual_veracity_distortion,1,1,1,scalars,0.1637,0.1615,0.1636,0.1618,0.1831,0.7555,0.0003,0.9145,0.5
330,textual_veracity_distortion,1,1,1,scalars,0.1639,0.1616,0.1635,0.1617,0.1831,0.7687,0.0,0.9906,0.0011
331,textual_veracity_distortion,1,1,1,scalars,0.1638,0.1615,0.1636,0.1618,0.1831,0.7633,0.0169,0.9026,0.5
332,textual_veracity_distortion,1,1,1,scalars,0.1638,0.1616,0.1636,0.1617,0.1831,0.7016,0.0,0.7963,0.0006
333,textual_veracity_distortion,1,1,1,scalars,0.1638,0.1616,0.1635,0.1618,0.1831,0.7968,0.0443,0.9332,0.5
334,textual_veracity_distortion,1,1,1,scalars,0.1637,0.1615,0.1636,0.1617,0.1831,0.7908,0.0452,0.9668,0.0187
335,textual_veracity_distortion,1,1,1,scalars,0.1638,0.1616,0.1636,0.1617,0.183,0.7124,0.0413,0.7212,0.5
336,textual_veracity_distortion,1,1,1,scalars,0.1638,0.1616,0.1636,0.1617,0.1831,0.7859,0.0059,0.9641,0.5
337,textual_veracity_distortion,1,0,0,scalars,0.1638,0.1617,0.1636,0.1617,0.1829,0.5794,0.0,0.5685,0.0061
338,textual_veracity_distortion,1,1,1,scalars,0.1638,0.1616,0.1636,0.1617,0.1831,0.7618,0.0004,0.9493,0.173
339,textual_veracity_distortion,1,1,1,scalars,0.1638,0.1616,0.1636,0.1617,0.1831,0.7755,0.0185,0.9239,0.0938
340,textual_veracity_distortion,1,1,1,scalars,0.1638,0.1616,0.1636,0.1617,0.1831,0.7491,0.0034,0.8897,0.0289
341,textual_veracity_distortion,1,1,1,scalars,0.1637,0.1616,0.1635,0.1616,0.1832,0.9299,0.7484,0.9681,0.0001
342,textual_veracity_distortion,1,1,1,scalars,0.1638,0.1616,0.1636,0.1617,0.1831,0.7906,0.0147,0.974,0.0008
343,textual_veracity_distortion,1,1,1,scalars,0.1638,0.1616,0.1636,0.1617,0.1831,0.8248,0.1791,0.9161,0.5
344,textual_veracity_distortion,1,1,1,scalars,0.1638,0.1616,0.1636,0.1617,0.183,0.6756,0.007,0.7189,0.5
345,textual_veracity_distortion,1,1,1,scalars,0.1638,0.1616,0.1635,0.1617,0.1831,0.7958,0.0322,0.9924,0.0002
346,textual_veracity_distortion,1,1,1,scalars,0.1638,0.1616,0.1635,0.1617,0.1831,0.7711,0.0,0.9998,0.0009
347,textual_veracity_distortion,1,1,1,scalars,0.1638,0.1616,0.1636,0.1617,0.1831,0.7984,0.0311,0.9995,0.5
348,textual_veracity_distortion,1,1,1,scalars,0.1638,0.1616,0.1636,0.1617,0.1831,0.7762,0.002,0.9989,0.0005
349,textual_veracity_distortion,1,1,1,scalars,0.1638,0.1617,0.1636,0.1617,0.183,0.7387,0.0114,0.8293,0.5
350,textual_veracity_distortion,1,1,1,scalars,0.1638,0.1616,0.1636,0.1617,0.1831,0.7449,0.0,0.9156,0.0015
351,textual_veracity_distortion,1,1,1,scalars,0.1638,0.1615,0.1635,0.1617,0.1831,0.8034,0.0619,0.9785,0.0017
352,textual_veracity_distortion,1,1,1,scalars,0.1638,0.1616,0.1636,0.1617,0.183,0.7204,0.0094,0.7842,0.0044
353,textual_veracity_distortion,1,1,1,scalars,0.1638,0.1616,0.1636,0.1617,0.1831,0.785,0.0011,0.9945,0.0227
354,textual_veracity_distortion,1,1,1,scalars,0.1638,0.1616,0.1635,0.1617,0.1831,0.7641,0.0,0.9821,0.5
355,textual_veracity_distortion,1,1,1,scalars,0.1638,0.1616,0.1636,0.1617,0.1831,0.6912,0.0,0.8006,0.0367
356,textual_veracity_distortion,1,1,1,scalars,0.1638,0.1616,0.1636,0.1617,0.1831,0.7524,0.0019,0.9341,0.5
357,textual_veracity_distortion,1,1,1,scalars,0.1638,0.1616,0.1635,0.1617,0.1831,0.7859,0.0256,0.9674,0.5
358,textual_veracity_distortion,1,1,1,scalars,0.1638,0.1616,0.1635,0.1617,0.1831,0.7806,0.003,0.9683,0.5
359,textual_veracity_distortion,1,1,1,scalars,0.1638,0.1615,0.1635,0.1618,0.1832,0.9452,0.9777,0.9661,0.0001
360,textual_veracity_distortion,1,1,1,scalars,0.1638,0.1616,0.1636,0.1617,0.1832,0.843,0.1877,0.9745,0.5
361,textual_veracity_distortion,1,1,1,scalars,0.1638,0.1615,0.1636,0.1618,0.1831,0.7504,0.0007,0.8999,0.0798
362,textual_veracity_distortion,1,1,1,scalars,0.1638,0.1616,0.1636,0.1616,0.1831,0.7842,0.0004,0.9993,0.5
363,textual_veracity_distortion,1,1,1,scalars,0.1638,0.1617,0.1636,0.1617,0.183,0.7061,0.0003,0.7926,0.0197
364,textual_veracity_distortion,1,1,1,scalars,0.1637,0.1615,0.1636,0.1617,0.1832,0.9005,0.4578,0.9439,0.0458
365,textual_veracity_distortion,1,1,1,scalars,0.1638,0.1616,0.1636,0.1617,0.183,0.7434,0.0101,0.831,0.0268
366,textual_veracity_distortion,1,1,1,scalars,0.1638,0.1616,0.1636,0.1617,0.1831,0.8089,0.0718,0.959,0.5
367,textual_veracity_distortion,1,1,1,scalars,0.1638,0.1616,0.1636,0.1617,0.1831,0.7745,0.0175,0.9368,0.5
368,textual_veracity_distortion,1,1,1,scalars,0.1638,0.1616,0.1636,0.1617,0.1831,0.7117,0.0004,0.8191,0.0064
369,textual_veracity_distortion,1,1,1,scalars,0.1638,0.1617,0.1636,0.1617,0.1828,0.6345,0.1185,0.4764,0.9861
370,textual_veracity_distortion,1,1,1,scalars,0.1638,0.1616,0.1636,0.1617,0.1831,0.7105,0.0001,0.8051,0.0
371,textual_veracity_distortion,1,0,0,scalars,0.1638,0.1616,0.1636,0.1617,0.183,0.5938,0.0,0.6191,0.5
372,textual_veracity_distortion,1,1,1,scalars,0.1638,0.1615,0.1636,0.1617,0.1832,0.9331,0.8421,0.8413,0.0062
373,textual_veracity_distortion,1,1,1,scalars,0.1638,0.1616,0.1636,0.1617,0.1831,0.8164,0.1082,0.9717,0.0008
374,textual_veracity_distortion,1,1,1,scalars,0.1638,0.1616,0.1636,0.1617,0.1831,0.9124,0.6734,0.7736,0.0131
375,textual_veracity_distortion,1,1,1,scalars,0.1638,0.1616,0.1635,0.1617,0.1832,0.9419,0.8663,0.9948,0.0077
376,textual_veracity_distortion,1,1,1,scalars,0.1638,0.1616,0.1636,0.1616,0.1831,0.7553,0.0002,0.9272,0.0002
377,textual_veracity_distortion,1,1,1,scalars,0.1637,0.1616,0.1636,0.1617,0.1833,0.9342,0.7702,0.9775,0.5
378,textual_veracity_distortion,1,1,1,scalars,0.1638,0.1617,0.1636,0.1616,0.1831,0.7796,0.0055,0.982,0.0013
379,textual_veracity_distortion,1,1,1,scalars,0.1638,0.1615,0.1635,0.1617,0.1832,0.939,0.8594,0.946,0.5
380,textual_veracity_distortion,1,1,1,scalars,0.1638,0.1616,0.1636,0.1617,0.183,0.707,0.0126,0.7547,0.0035
381,textual_veracity_distortion,1,1,1,scalars,0.1638,0.1616,0.1636,0.1617,0.1831,0.7864,0.0063,0.958,0.5
382,textual_veracity_distortion,1,1,1,scalars,0.1638,0.1616,0.1636,0.1617,0.1829,0.619,0.0028,0.607,0.5
383,textual_veracity_distortion,1,1,1,scalars,0.1638,0.1617,0.1636,0.1616,0.1831,0.8457,0.2265,0.915,0.0003
384,textual_veracity_distortion,1,1,1,scalars,0.1638,0.1616,0.1636,0.1617,0.1831,0.7396,0.0021,0.8563,0.036
385,textual_veracity_distortion,1,1,1,scalars,0.1638,0.1616,0.1635,0.1617,0.1831,0.7476,0.0,0.9002,0.0021
386,textual_veracity_distortion,1,1,1,scalars,0.1638,0.1616,0.1636,0.1616,0.1831,0.7823,0.0034,0.9839,0.5
387,textual_veracity_distortion,1,1,1,scalars,0.1638,0.1616,0.1636,0.1618,0.1831,0.7757,0.0401,0.8859,0.5
388,textual_veracity_distortion,1,1,1,scalars,0.1638,0.1616,0.1636,0.1617,0.1831,0.7409,0.0038,0.869,0.5
389,textual_veracity_distortion,1,1,1,scalars,0.1638,0.1616,0.1636,0.1616,0.1832,0.8865,0.4077,0.9045,0.0079
390,textual_veracity_distortion,1,1,1,scalars,0.1638,0.1616,0.1636,0.1617,0.1831,0.7737,0.0556,0.8818,0.5
391,textual_veracity_distortion,1,1,1,scalars,0.1638,0.1616,0.1636,0.1617,0.1831,0.7636,0.0001,0.9818,0.5
392,textual_veracity_distortion,1,1,1,scalars,0.1638,0.1616,0.1635,0.1617,0.1831,0.7513,0.0,0.9457,0.0044
393,textual_veracity_distortion,1,1,1,scalars,0.1638,0.1616,0.1636,0.1617,0.1831,0.7703,0.0078,0.9466,0.5
394,textual_veracity_distortion,1,1,1,scalars,0.1638,0.1616,0.1636,0.1617,0.183,0.7338,0.0144,0.8161,0.5
395,textual_veracity_distortion,1,1,1,scalars,0.1638,0.1616,0.1636,0.1617,0.1831,0.7496,0.0003,0.9317,0.5
396,textual_veracity_distortion,1,1,1,scalars,0.1638,0.1616,0.1636,0.1617,0.1831,0.7753,0.0073,0.974,0.5
397,textual_veracity_distortion,1,1,1,scalars,0.1638,0.1615,0.1636,0.1618,0.1831,0.7596,0.0028,0.9105,0.5
398,textual_veracity_distortion,1,1,1,scalars,0.1638,0.1616,0.1636,0.1617,0.1831,0.7667,0.0018,0.9438,0.0007
399,textual_veracity_distortion,1,1,1,scalars,0.1638,0.1616,0.1635,0.1617,0.1831,0.7594,0.0027,0.9144,0.5
400,textual_veracity_distortion,1,1,1,scalars,0.1639,0.1617,0.1637,0.1618,0.1825,0.8894,0.9967,0.1327,0.5
401,textual_veracity_distortion,1,0,0,scalars,0.1639,0.1617,0.1637,0.1618,0.1825,0.4263,0.0746,0.1934,0.5
402,textual_veracity_distortion,1,1,1,scalars,0.1638,0.1616,0.1636,0.1617,0.1829,0.8695,0.7644,0.4141,0.0031
403,textual_veracity_distortion,1,1,1,scalars,0.1638,0.1616,0.1636,0.1617,0.1829,0.7052,0.208,0.5274,0.5
404,textual_veracity_distortion,1,1,1,scalars,0.1639,0.1617,0.1637,0.1618,0.1826,0.7324,0.5426,0.1717,0.0005
405,textual_veracity_distortion,1,1,1,scalars,0.1638,0.1616,0.1636,0.1617,0.183,0.6824,0.0883,0.6318,0.5
406,textual_veracity_distortion,1,0,0,scalars,0.1639,0.1617,0.1637,0.1618,0.1826,0.4864,0.0731,0.3085,0.0008
407,textual_veracity_distortion,1,0,0,scalars,0.1639,0.1617,0.1637,0.1619,0.1824,0.321,0.0,0.1414,0.1196
408,textual_veracity_distortion,1,0,0,scalars,0.1639,0.1617,0.1637,0.1619,0.1825,0.356,0.0042,0.1724,0.5
409,textual_veracity_distortion,1,1,1,scalars,0.1639,0.1617,0.1637,0.1618,0.1827,0.8827,0.8983,0.2606,0.5
410,textual_veracity_distortion,1,0,0,scalars,0.1639,0.1618,0.1637,0.1618,0.1825,0.3551,0.0096,0.1783,0.0451
411,textual_veracity_distortion,1,1,1,scalars,0.1639,0.1617,0.1637,0.1618,0.1826,0.8972,0.995,0.1826,0.0002
412,textual_veracity_distortion,1,1,1,scalars,0.1638,0.1616,0.1635,0.1617,0.1832,0.9519,0.9878,0.9926,0.7426
413,textual_veracity_distortion,1,1,1,scalars,0.1638,0.1616,0.1636,0.1617,0.1829,0.9196,0.9888,0.4666,0.0071
414,textual_veracity_distortion,1,0,0,scalars,0.1639,0.1617,0.1637,0.1619,0.1825,0.3651,0.0195,0.1728,0.5
415,textual_veracity_distortion,1,1,1,scalars,0.1638,0.1616,0.1636,0.1617,0.1829,0.6832,0.2151,0.4941,0.0005
416,textual_veracity_distortion,1,1,1,scalars,0.1639,0.1617,0.1637,0.1618,0.1825,0.8763,0.9977,0.075,0.5
417,textual_veracity_distortion,1,0,0,scalars,0.1639,0.1618,0.1637,0.1618,0.1823,0.3002,0.0086,0.0537,0.5
418,textual_veracity_distortion,1,0,0,scalars,0.1638,0.1617,0.1636,0.1617,0.1829,0.5803,0.0736,0.4849,0.0002
419,textual_veracity_distortion,1,1,1,scalars,0.1638,0.1617,0.1636,0.1617,0.183,0.9357,0.9987,0.5963,0.0001
420,textual_veracity_distortion,1,1,1,scalars,0.1638,0.1617,0.1636,0.1617,0.1827,0.8031,0.5384,0.3155,0.0032
421,textual_veracity_distortion,1,1,1,scalars,0.1639,0.1617,0.1637,0.1618,0.1825,0.9049,1.0,0.1759,0.5
422,textual_veracity_distortion,1,1,1,scalars,0.1638,0.1616,0.1636,0.1617,0.1831,0.8614,0.4727,0.7126,0.5
423,textual_veracity_distortion,1,1,1,scalars,0.1639,0.1617,0.1637,0.1617,0.1826,0.8823,0.9833,0.1831,0.0265
424,textual_veracity_distortion,1,1,1,scalars,0.1638,0.1616,0.1636,0.1618,0.1828,0.9143,0.9981,0.3579,0.5
425,textual_veracity_distortion,1,0,0,scalars,0.1639,0.1616,0.1637,0.1618,0.1826,0.4649,0.0257,0.3261,0.0082
426,textual_veracity_distortion,1,0,0,scalars,0.164,0.1618,0.1637,0.1619,0.1822,0.2919,0.0147,0.0051,0.0042
427,textual_veracity_distortion,1,0,0,scalars,0.1639,0.1617,0.1637,0.1618,0.1825,0.4166,0.0567,0.2124,0.0002
428,textual_veracity_distortion,1,1,1,scalars,0.1638,0.1617,0.1637,0.1618,0.1827,0.9085,0.9995,0.2572,0.0015
429,textual_veracity_distortion,1,0,0,scalars,0.1639,0.1617,0.1637,0.1618,0.1826,0.4103,0.0145,0.2439,0.6838
430,textual_veracity_distortion,1,1,1,scalars,0.1639,0.1617,0.1637,0.1617,0.1827,0.8897,0.9782,0.2238,0.4347
431,textual_veracity_distortion,1,0,0,scalars,0.1639,0.1617,0.1636,0.1618,0.1827,0.4554,0.0001,0.3793,0.5
432,textual_veracity_distortion,1,0,0,scalars,0.1639,0.1617,0.1637,0.1618,0.1826,0.4057,0.0011,0.2818,0.0069
433,textual_veracity_distortion,1,0,0,scalars,0.1639,0.1617,0.1636,0.1617,0.1828,0.5726,0.0529,0.4522,0.5
434,textual_veracity_distortion,1,1,1,scalars,0.1638,0.1617,0.1636,0.1617,0.1829,0.6401,0.0756,0.5587,0.0003
435,textual_veracity_distortion,1,0,0,scalars,0.164,0.1617,0.1637,0.1619,0.1823,0.2993,0.0032,0.0678,0.0097
436,textual_veracity_distortion,1,0,0,scalars,0.1639,0.1617,0.1637,0.1618,0.1825,0.4295,0.0305,0.2446,0.5
437,textual_veracity_distortion,1,0,0,scalars,0.1639,0.1617,0.1637,0.1619,0.1823,0.3023,0.0001,0.0729,0.0067
438,textual_veracity_distortion,1,0,0,scalars,0.1639,0.1616,0.1636,0.1618,0.1827,0.568,0.0845,0.4126,0.0005
439,textual_veracity_distortion,1,1,1,scalars,0.1639,0.1616,0.1636,0.1619,0.1827,0.907,0.9979,0.2717,0.0026
440,textual_veracity_distortion,1,1,1,scalars,0.164,0.1617,0.1637,0.1619,0.1824,0.8713,0.9919,0.0416,0.0056
441,textual_veracity_distortion,1,0,0,scalars,0.164,0.1617,0.1637,0.1619,0.1823,0.3172,0.007,0.0858,0.0217
442,textual_veracity_distortion,1,0,0,scalars,0.1639,0.1617,0.1636,0.1618,0.1827,0.4416,0.0065,0.3338,0.5
443,textual_veracity_distortion,1,0,0,scalars,0.1638,0.1617,0.1636,0.1617,0.1828,0.5694,0.0427,0.4693,0.0019
444,textual_veracity_distortion,1,0,0,scalars,0.1639,0.1617,0.1637,0.1619,0.1824,0.4271,0.1906,0.0609,0.5
445,textual_veracity_distortion,1,0,0,scalars,0.1639,0.1617,0.1637,0.1619,0.1823,0.2865,0.0004,0.0612,0.5
446,textual_veracity_distortion,1,0,0,scalars,0.1638,0.1617,0.1637,0.1617,0.1827,0.546,0.0461,0.3829,0.0048
447,textual_veracity_distortion,1,0,0,scalars,0.1639,0.1617,0.1637,0.1618,0.1825,0.3803,0.0206,0.2149,0.0174
448,textual_veracity_distortion,1,0,0,scalars,0.1639,0.1616,0.1636,0.1619,0.1826,0.4648,0.0385,0.2962,0.0016
449,textual_veracity_distortion,1,0,0,scalars,0.1639,0.1617,0.1637,0.1618,0.1825,0.3775,0.0069,0.2172,0.0746
450,textual_veracity_distortion,1,1,1,scalars,0.1639,0.1617,0.1637,0.1618,0.1826,0.837,0.8181,0.1284,0.5
451,textual_veracity_distortion,1,1,1,scalars,0.1638,0.1616,0.1636,0.1618,0.1828,0.7705,0.4588,0.3693,0.001
452,textual_veracity_distortion,1,1,1,scalars,0.1639,0.1616,0.1636,0.1618,0.1827,0.8102,0.6427,0.2415,0.001
453,textual_veracity_distortion,1,0,0,scalars,0.1639,0.1616,0.1636,0.1618,0.1828,0.5752,0.0083,0.5287,0.5
454,textual_veracity_distortion,1,1,1,scalars,0.1639,0.1617,0.1637,0.1619,0.1825,0.8686,0.9756,0.0799,0.5
455,textual_veracity_distortion,1,1,1,scalars,0.1638,0.1616,0.1636,0.1617,0.183,0.92,0.9505,0.5487,0.0006
456,textual_veracity_distortion,1,1,1,scalars,0.1638,0.1617,0.1636,0.1617,0.1828,0.9033,0.9297,0.3641,0.5
457,textual_veracity_distortion,1,0,0,scalars,0.1638,0.1617,0.1637,0.1617,0.1826,0.5003,0.142,0.2506,0.5
458,textual_veracity_distortion,1,1,1,scalars,0.1638,0.1616,0.1636,0.1618,0.1831,0.837,0.3173,0.717,0.5
459,textual_veracity_distortion,1,0,0,scalars,0.1639,0.1618,0.1637,0.1618,0.1823,0.3616,0.0745,0.0661,0.0165
460,textual_veracity_distortion,1,1,1,scalars,0.1638,0.1616,0.1637,0.1618,0.1828,0.9198,0.9993,0.3641,0.0344
461,textual_veracity_distortion,1,1,1,scalars,0.1638,0.1616,0.1636,0.1618,0.1828,0.9091,0.964,0.4163,0.0078
462,textual_veracity_distortion,1,1,1,scalars,0.1638,0.1616,0.1636,0.1617,0.1829,0.6178,0.0142,0.599,0.001
463,textual_veracity_distortion,1,1,1,scalars,0.1639,0.1617,0.1637,0.1618,0.1825,0.8876,0.9998,0.1236,0.0006
464,textual_veracity_distortion,1,1,1,scalars,0.1637,0.1616,0.1636,0.1616,0.1832,0.8177,0.0999,0.9837,0.0151
465,textual_veracity_distortion,1,1,1,scalars,0.1639,0.1617,0.1637,0.1618,0.1826,0.871,0.9,0.1757,0.148
466,textual_veracity_distortion,1,1,1,scalars,0.1638,0.1616,0.1636,0.1617,0.1829,0.7314,0.3371,0.4375,0.5
467,textual_veracity_distortion,1,1,1,scalars,0.1638,0.1616,0.1636,0.1617,0.1829,0.7432,0.3451,0.4692,0.0001
468,textual_veracity_distortion,1,1,1,scalars,0.1639,0.1617,0.1637,0.1618,0.1825,0.8075,0.812,0.0258,0.0026
469,textual_veracity_distortion,1,1,1,scalars,0.1638,0.1616,0.1636,0.1618,0.1829,0.6172,0.0551,0.5546,0.0002
470,textual_veracity_distortion,1,1,1,scalars,0.1638,0.1616,0.1636,0.1618,0.183,0.7047,0.0941,0.7192,0.0005
471,textual_veracity_distortion,1,0,0,scalars,0.1639,0.1617,0.1637,0.1618,0.1826,0.5328,0.2245,0.2113,0.0019
472,textual_veracity_distortion,1,1,1,scalars,0.1638,0.1616,0.1636,0.1618,0.1828,0.9291,1.0,0.4035,0.0003
473,textual_veracity_distortion,1,0,0,scalars,0.1639,0.1617,0.1637,0.1618,0.1826,0.4043,0.0311,0.2395,0.0207
474,textual_veracity_distortion,1,1,1,scalars,0.1638,0.1616,0.1636,0.1618,0.1829,0.8588,0.6824,0.4065,0.0201
475,textual_veracity_distortion,1,1,1,scalars,0.1637,0.1615,0.1636,0.1617,0.1832,0.9428,0.8917,1.0,0.0001
476,textual_veracity_distortion,1,1,1,scalars,0.1638,0.1616,0.1636,0.1617,0.1832,0.7714,0.0001,0.9964,0.5
477,textual_veracity_distortion,1,1,1,scalars,0.1637,0.1615,0.1636,0.1617,0.1832,0.8347,0.202,0.9415,0.0001
478,textual_veracity_distortion,1,1,1,scalars,0.1638,0.1616,0.1636,0.1617,0.1831,0.77,0.001,0.9537,0.5
479,textual_veracity_distortion,1,1,1,scalars,0.1638,0.1616,0.1635,0.1617,0.1832,0.9383,0.7922,0.9999,0.009
480,textual_veracity_distortion,1,1,1,scalars,0.1637,0.1615,0.1636,0.1617,0.1831,0.9478,0.9977,0.9084,0.0005
481,textual_veracity_distortion,1,1,1,scalars,0.1637,0.1616,0.1636,0.1616,0.1832,0.8974,0.4166,0.9999,0.0089
482,textual_veracity_distortion,1,1,1,scalars,0.1638,0.1616,0.1636,0.1617,0.1831,0.7962,0.0122,0.9733,0.5
483,textual_veracity_distortion,1,1,1,scalars,0.1638,0.1615,0.1636,0.1618,0.183,0.6994,0.0078,0.7602,0.0032
484,textual_veracity_distortion,1,1,1,scalars,0.1637,0.1616,0.1636,0.1616,0.1833,0.9284,0.727,0.9685,0.5
485,textual_veracity_distortion,1,1,1,scalars,0.1638,0.1616,0.1636,0.1617,0.1831,0.9482,0.9981,0.8765,0.0347
486,textual_veracity_distortion,1,1,1,scalars,0.1638,0.1616,0.1635,0.1618,0.1831,0.7856,0.005,0.9972,0.0018
487,textual_veracity_distortion,1,1,1,scalars,0.1638,0.1615,0.1636,0.1617,0.1832,0.945,0.9487,0.9233,0.0035
488,textual_veracity_distortion,1,1,1,scalars,0.1638,0.1615,0.1635,0.1617,0.1832,0.8973,0.443,0.9963,0.0047
489,textual_veracity_distortion,1,1,1,scalars,0.1638,0.1615,0.1635,0.1617,0.1832,0.8842,0.3708,0.9396,0.0044
490,textual_veracity_distortion,1,1,1,scalars,0.1638,0.1616,0.1636,0.1617,0.1831,0.7912,0.0255,0.9946,0.5
491,textual_veracity_distortion,1,1,1,scalars,0.1638,0.1616,0.1635,0.1617,0.1832,0.9474,0.9212,1.0,0.0008
492,textual_veracity_distortion,1,1,1,scalars,0.1637,0.1615,0.1636,0.1617,0.1832,0.9381,0.8155,0.9582,0.5
493,textual_veracity_distortion,1,1,1,scalars,0.1638,0.1615,0.1635,0.1618,0.1832,0.9442,0.9615,0.9634,0.0037
494,textual_veracity_distortion,1,1,1,scalars,0.1638,0.1616,0.1636,0.1617,0.1832,0.8477,0.1978,0.9607,0.5
495,textual_veracity_distortion,1,1,1,scalars,0.1638,0.1615,0.1636,0.1617,0.1831,0.8046,0.0584,0.9747,0.5
496,textual_veracity_distortion,1,1,1,scalars,0.1637,0.1616,0.1636,0.1617,0.1832,0.8503,0.1687,0.9957,0.0024
497,textual_veracity_distortion,1,1,1,scalars,0.1638,0.1615,0.1636,0.1617,0.1831,0.7508,0.0006,0.9239,0.5
498,textual_veracity_distortion,1,1,1,scalars,0.1638,0.1615,0.1636,0.1617,0.1831,0.8111,0.0445,0.9965,0.0001
499,textual_veracity_distortion,1,1,1,scalars,0.1637,0.1616,0.1636,0.1617,0.1832,0.8773,0.331,0.9918,0.5
500,textual_veracity_distortion,1,1,1,scalars,0.1638,0.1616,0.1636,0.1617,0.183,0.8336,0.4083,0.6305,0.5
501,textual_veracity_distortion,1,0,0,scalars,0.1639,0.1616,0.1637,0.1619,0.1825,0.3777,0.0262,0.1903,0.5
502,textual_veracity_distortion,1,1,1,scalars,0.1639,0.1617,0.1636,0.1617,0.1828,0.915,0.9998,0.3552,0.5
503,textual_veracity_distortion,1,1,1,scalars,0.1638,0.1616,0.1636,0.1618,0.1828,0.9111,0.9754,0.3971,0.5
504,textual_veracity_distortion,1,0,0,scalars,0.1639,0.1616,0.1636,0.1618,0.1827,0.5004,0.025,0.3936,0.5
505,textual_veracity_distortion,1,1,1,scalars,0.1638,0.1617,0.1637,0.1617,0.1828,0.9185,0.9965,0.3721,0.5
506,textual_veracity_distortion,1,0,0,scalars,0.1638,0.1616,0.1636,0.1618,0.1828,0.5436,0.0116,0.4804,0.0036
507,textual_veracity_distortion,1,1,1,scalars,0.1638,0.1616,0.1636,0.1617,0.1831,0.9328,0.9357,0.6894,0.5
508,textual_veracity_distortion,1,1,1,scalars,0.1638,0.1616,0.1636,0.1618,0.1829,0.6793,0.0164,0.6803,0.5
509,textual_veracity_distortion,1,1,1,scalars,0.1639,0.1617,0.1637,0.1618,0.1825,0.841,0.8554,0.0965,0.1227
510,textual_veracity_distortion,1,0,0,scalars,0.1639,0.1617,0.1637,0.1619,0.1825,0.5359,0.2926,0.1284,0.5
511,textual_veracity_distortion,1,0,0,scalars,0.1639,0.1617,0.1637,0.1618,0.1825,0.4035,0.0401,0.2063,0.5
512,textual_veracity_distortion,1,1,1,scalars,0.1638,0.1616,0.1636,0.1617,0.1831,0.948,0.9999,0.8021,0.0228
513,textual_veracity_distortion,1,1,1,scalars,0.1638,0.1617,0.1637,0.1618,0.1827,0.913,0.9991,0.3313,0.5
514,textual_veracity_distortion,1,0,0,scalars,0.1639,0.1617,0.1637,0.1619,0.1825,0.3885,0.0368,0.1923,0.0719
515,textual_veracity_distortion,1,0,0,scalars,0.1639,0.1617,0.1636,0.1618,0.1826,0.5642,0.2052,0.2699,0.3868
516,textual_veracity_distortion,1,0,0,scalars,0.1638,0.1616,0.1636,0.1618,0.1827,0.4946,0.005,0.4058,0.0015
517,textual_veracity_distortion,1,0,0,scalars,0.1639,0.1618,0.1637,0.1618,0.1823,0.3512,0.1008,0.0462,0.5
518,textual_veracity_distortion,1,0,0,scalars,0.1639,0.1617,0.1637,0.1618,0.1826,0.5857,0.2812,0.2189,0.004
519,textual_veracity_distortion,1,0,0,scalars,0.164,0.1617,0.1637,0.1619,0.1822,0.3482,0.079,0.0236,0.5
520,textual_veracity_distortion,1,0,0,scalars,0.1639,0.1617,0.1637,0.1619,0.1823,0.313,0.0006,0.0975,0.0001
521,textual_veracity_distortion,1,1,1,scalars,0.1639,0.1617,0.1637,0.1619,0.1825,0.6714,0.5146,0.0562,0.0003
522,textual_veracity_distortion,1,1,1,scalars,0.1639,0.1617,0.1637,0.1618,0.1826,0.8578,0.8485,0.185,0.5
523,textual_veracity_distortion,1,1,1,scalars,0.1638,0.1616,0.1636,0.1618,0.1829,0.8046,0.5496,0.3927,0.5
524,textual_veracity_distortion,1,1,1,scalars,0.1639,0.1616,0.1637,0.1619,0.1825,0.851,0.9511,0.0197,0.5
525,textual_veracity_distortion,1,1,1,scalars,0.1638,0.1616,0.1636,0.1617,0.1829,0.6316,0.0041,0.634,0.5
526,textual_veracity_distortion,1,1,1,scalars,0.1638,0.1617,0.1637,0.1618,0.1826,0.8012,0.6543,0.1662,0.5
527,textual_veracity_distortion,1,1,1,scalars,0.1638,0.1616,0.1636,0.1618,0.1828,0.9147,0.9985,0.4178,0.5
528,textual_veracity_distortion,1,0,0,scalars,0.1638,0.1616,0.1637,0.1618,0.1827,0.4707,0.0023,0.3918,0.5
529,textual_veracity_distortion,1,0,0,scalars,0.1639,0.1616,0.1636,0.1619,0.1827,0.4353,0.0,0.3582,0.5
530,textual_veracity_distortion,1,0,0,scalars,0.1638,0.1617,0.1637,0.1618,0.1825,0.4212,0.0636,0.208,0.5
531,textual_veracity_distortion,1,1,1,scalars,0.1637,0.1616,0.1636,0.1617,0.1831,0.9431,0.9977,0.7966,0.5
532,textual_veracity_distortion,1,0,0,scalars,0.1639,0.1617,0.1637,0.1619,0.1825,0.3664,0.0004,0.21,0.5
533,textual_veracity_distortion,1,0,0,scalars,0.1639,0.1617,0.1637,0.1618,0.1826,0.5391,0.1419,0.2755,0.5
534,textual_veracity_distortion,1,1,1,scalars,0.1638,0.1617,0.1637,0.1617,0.1825,0.769,0.6642,0.0812,0.5
535,textual_veracity_distortion,1,1,1,scalars,0.1639,0.1617,0.1637,0.1618,0.1824,0.7788,0.7639,0.0186,0.5
536,textual_veracity_distortion,1,0,0,scalars,0.1639,0.1617,0.1637,0.1618,0.1825,0.3671,0.0324,0.175,0.4966
537,textual_veracity_distortion,1,0,0,scalars,0.1639,0.1618,0.1637,0.1618,0.1824,0.3561,0.0041,0.1644,0.0007
538,textual_veracity_distortion,1,0,0,scalars,0.1639,0.1617,0.1637,0.1618,0.1826,0.3762,0.0,0.2438,0.5
539,textual_veracity_distortion,1,1,1,scalars,0.1638,0.1616,0.1636,0.1617,0.183,0.8958,0.7549,0.5221,0.0083
540,textual_veracity_distortion,1,0,0,scalars,0.1639,0.1617,0.1637,0.1619,0.1824,0.3438,0.0063,0.1582,0.0044
541,textual_veracity_distortion,1,0,0,scalars,0.1638,0.1617,0.1637,0.1618,0.1826,0.4184,0.017,0.2612,0.0851
542,textual_veracity_distortion,1,0,0,scalars,0.1639,0.1617,0.1637,0.1618,0.1825,0.3986,0.0124,0.2334,0.0279
543,textual_veracity_distortion,1,0,0,scalars,0.1639,0.1618,0.1637,0.1618,0.1825,0.3616,0.0121,0.1859,0.5
544,textual_veracity_distortion,1,1,1,scalars,0.1639,0.1617,0.1637,0.1618,0.1825,0.8551,0.9865,0.0359,0.0034
545,textual_veracity_distortion,1,1,1,scalars,0.1638,0.1616,0.1636,0.1618,0.1828,0.9226,0.9975,0.4352,0.5
546,textual_veracity_distortion,1,0,0,scalars,0.1639,0.1617,0.1636,0.1618,0.1826,0.4623,0.0584,0.298,0.5
547,textual_veracity_distortion,1,1,1,scalars,0.1638,0.1616,0.1636,0.1617,0.1831,0.84,0.3683,0.6852,0.0021
548,textual_veracity_distortion,1,0,0,scalars,0.1639,0.1617,0.1637,0.1618,0.1827,0.4338,0.0161,0.311,0.5
549,textual_veracity_distortion,1,0,0,scalars,0.1639,0.1617,0.1637,0.1618,0.1826,0.3726,0.0011,0.2329,0.5
550,textual_veracity_distortion,1,1,1,scalars,0.1637,0.1615,0.1636,0.1617,0.1831,0.7775,0.0059,0.97,0.0329
551,textual_veracity_distortion,1,1,1,scalars,0.1638,0.1616,0.1636,0.1617,0.1831,0.7749,0.0086,0.9903,0.0
552,textual_veracity_distortion,1,1,1,scalars,0.1638,0.1615,0.1635,0.1617,0.1832,0.942,0.8367,0.9998,0.0164
553,textual_veracity_distortion,1,1,1,scalars,0.1637,0.1615,0.1636,0.1617,0.1832,0.9488,0.9852,0.9993,0.0032
554,textual_veracity_distortion,1,1,1,scalars,0.1638,0.1616,0.1636,0.1617,0.1832,0.9507,0.9919,0.9641,0.0196
555,textual_veracity_distortion,1,1,1,scalars,0.1637,0.1616,0.1636,0.1616,0.1833,0.8897,0.4035,0.9986,0.0001
556,textual_veracity_distortion,1,1,1,scalars,0.1637,0.1615,0.1636,0.1617,0.1832,0.9488,0.9676,0.9998,0.0385
557,textual_veracity_distortion,1,1,1,scalars,0.1637,0.1616,0.1636,0.1617,0.1831,0.7897,0.0134,0.9954,0.5
558,textual_veracity_distortion,1,1,1,scalars,0.1638,0.1616,0.1636,0.1617,0.1831,0.8095,0.0764,0.9705,0.0003
559,textual_veracity_distortion,1,1,1,scalars,0.1637,0.1615,0.1635,0.1617,0.1833,0.9367,0.8128,0.9972,0.0299
560,textual_veracity_distortion,1,1,1,scalars,0.1638,0.1616,0.1636,0.1617,0.1831,0.7622,0.0047,0.9081,0.0014
561,textual_veracity_distortion,1,1,1,scalars,0.1638,0.1616,0.1636,0.1617,0.1831,0.7858,0.0033,0.9941,0.5
562,textual_veracity_distortion,1,1,1,scalars,0.1637,0.1616,0.1636,0.1616,0.1832,0.8055,0.0551,0.9987,0.5
563,textual_veracity_distortion,1,1,1,scalars,0.1638,0.1616,0.1636,0.1617,0.1831,0.7765,0.0003,0.9987,0.0254
564,textual_veracity_distortion,1,1,1,scalars,0.1638,0.1616,0.1636,0.1617,0.1831,0.7881,0.0904,0.911,0.0012
565,textual_veracity_distortion,1,1,1,scalars,0.1638,0.1616,0.1635,0.1617,0.1832,0.9508,0.9843,0.982,0.0013
566,textual_veracity_distortion,1,1,1,scalars,0.1638,0.1616,0.1635,0.1617,0.1832,0.9241,0.6405,0.9993,0.0066
567,textual_veracity_distortion,1,1,1,scalars,0.1638,0.1615,0.1635,0.1618,0.1831,0.9516,0.9977,0.9773,0.0051
568,textual_veracity_distortion,1,1,1,scalars,0.1638,0.1616,0.1636,0.1617,0.1831,0.7565,0.0124,0.8918,0.5
569,textual_veracity_distortion,1,1,1,scalars,0.1638,0.1616,0.1636,0.1617,0.1831,0.7371,0.0001,0.9101,0.5
570,textual_veracity_distortion,1,1,1,scalars,0.1638,0.1616,0.1636,0.1617,0.1831,0.7536,0.0308,0.8678,0.5
571,textual_veracity_distortion,1,1,1,scalars,0.1638,0.1616,0.1636,0.1617,0.1831,0.7612,0.0017,0.9394,0.5
572,textual_veracity_distortion,1,1,1,scalars,0.1638,0.1616,0.1636,0.1617,0.1831,0.7412,0.0,0.9397,0.5
573,textual_veracity_distortion,1,1,1,scalars,0.1638,0.1616,0.1635,0.1617,0.1831,0.775,0.0002,0.9999,0.0651
574,textual_veracity_distortion,1,1,1,scalars,0.1638,0.1616,0.1636,0.1617,0.183,0.6694,0.0001,0.739,0.0019
575,textual_veracity_distortion,1,1,1,scalars,0.1638,0.1616,0.1636,0.1617,0.1831,0.7526,0.0,0.9383,0.5
576,textual_veracity_distortion,1,1,1,scalars,0.1638,0.1615,0.1636,0.1618,0.1831,0.7032,0.0,0.8373,0.0772
577,textual_veracity_distortion,1,1,1,scalars,0.1637,0.1616,0.1636,0.1617,0.1831,0.7258,0.0,0.8926,0.5
578,textual_veracity_distortion,1,1,1,scalars,0.1638,0.1616,0.1635,0.1617,0.1831,0.7426,0.0001,0.9277,0.5
579,textual_veracity_distortion,1,1,1,scalars,0.1638,0.1616,0.1635,0.1617,0.1831,0.7661,0.0003,0.9763,0.5448
580,textual_veracity_distortion,1,1,1,scalars,0.1638,0.1616,0.1635,0.1617,0.1832,0.9038,0.4831,0.9729,0.0019
581,textual_veracity_distortion,1,1,1,scalars,0.1638,0.1616,0.1636,0.1617,0.1831,0.7671,0.0001,0.9593,0.0023
582,textual_veracity_distortion,1,1,1,scalars,0.1638,0.1617,0.1636,0.1616,0.1831,0.7078,0.0,0.8651,0.5842
583,textual_veracity_distortion,1,1,1,scalars,0.1638,0.1616,0.1635,0.1617,0.1831,0.784,0.0057,0.9808,0.5
584,textual_veracity_distortion,1,1,1,scalars,0.1638,0.1616,0.1636,0.1617,0.1831,0.7774,0.0126,0.9878,0.0029
585,textual_veracity_distortion,1,1,1,scalars,0.1638,0.1615,0.1636,0.1618,0.1831,0.7618,0.0001,0.9709,0.5
586,textual_veracity_distortion,1,1,1,scalars,0.1638,0.1615,0.1636,0.1618,0.1831,0.7377,0.0,0.9336,0.5
587,textual_veracity_distortion,1,1,1,scalars,0.1638,0.1616,0.1636,0.1617,0.1831,0.9409,0.9981,0.7677,0.0006
588,textual_veracity_distortion,1,1,1,scalars,0.1638,0.1616,0.1636,0.1617,0.1831,0.7545,0.0012,0.902,0.5
589,textual_veracity_distortion,1,1,1,scalars,0.1638,0.1616,0.1635,0.1617,0.1831,0.7896,0.0004,0.9843,0.5
590,textual_veracity_distortion,1,1,1,scalars,0.1637,0.1615,0.1636,0.1617,0.1832,0.9077,0.4915,0.9978,0.5
591,textual_veracity_distortion,1,1,1,scalars,0.1638,0.1616,0.1636,0.1617,0.183,0.686,0.002,0.7555,0.5
592,textual_veracity_distortion,1,0,0,scalars,0.1639,0.1616,0.1636,0.1619,0.1828,0.5385,0.0022,0.4834,0.5
593,textual_veracity_distortion,1,1,1,scalars,0.1637,0.1615,0.1636,0.1618,0.1831,0.7122,0.0,0.8669,0.5
594,textual_veracity_distortion,1,1,1,scalars,0.1638,0.1616,0.1635,0.1617,0.1831,0.7724,0.0005,0.97,0.5
595,textual_veracity_distortion,1,1,1,scalars,0.1638,0.1616,0.1636,0.1617,0.1831,0.7177,0.0,0.8522,0.8485
596,textual_veracity_distortion,1,1,1,scalars,0.1638,0.1616,0.1636,0.1617,0.1831,0.7764,0.0055,0.9845,0.5
597,textual_veracity_distortion,1,1,1,scalars,0.1638,0.1616,0.1636,0.1617,0.183,0.7115,0.0004,0.776,0.5
598,textual_veracity_distortion,1,1,1,scalars,0.1638,0.1616,0.1635,0.1617,0.1831,0.7294,0.0001,0.8655,0.5
599,textual_veracity_distortion,1,1,1,scalars,0.1638,0.1616,0.1636,0.1617,0.1831,0.7027,0.001,0.7958,0.5
600,visual_veracity_distortion,1,1,1,scalars,0.1638,0.1617,0.1636,0.1616,0.1831,0.7586,0.0033,0.8991,0.5
601,visual_veracity_distortion,1,1,1,scalars,0.1638,0.1617,0.1636,0.1617,0.1828,0.6312,0.1376,0.427,0.5
602,visual_veracity_distortion,1,1,1,scalars,0.1638,0.1616,0.1635,0.1617,0.1831,0.9245,0.7567,0.76,0.0057
603,visual_veracity_distortion,1,1,1,scalars,0.1638,0.1616,0.1636,0.1617,0.1831,0.7606,0.0085,0.8923,0.0061
604,visual_veracity_distortion,1,1,1,scalars,0.1638,0.1616,0.1636,0.1616,0.1831,0.8788,0.3996,0.8108,0.0066
605,visual_veracity_distortion,1,1,1,scalars,0.1638,0.1617,0.1636,0.1616,0.1831,0.8182,0.2066,0.7775,0.5
606,visual_veracity_distortion,1,1,1,scalars,0.1638,0.1616,0.1636,0.1617,0.183,0.7269,0.0095,0.8011,0.5
607,visual_veracity_distortion,1,1,1,scalars,0.1638,0.1617,0.1636,0.1616,0.183,0.8638,0.5823,0.5376,0.0002
608,visual_veracity_distortion,1,1,1,scalars,0.1638,0.1616,0.1635,0.1617,0.1832,0.9009,0.4189,0.9981,0.5
609,visual_veracity_distortion,1,1,1,scalars,0.1639,0.1616,0.1635,0.1617,0.183,0.785,0.0041,0.965,0.5
610,visual_veracity_distortion,1,1,1,scalars,0.1638,0.1616,0.1635,0.1617,0.1831,0.7973,0.0206,0.967,0.9512
611,visual_veracity_distortion,1,0,0,scalars,0.1639,0.1616,0.1636,0.1618,0.1828,0.5992,0.0427,0.4983,0.5
612,visual_veracity_distortion,1,1,1,scalars,0.1638,0.1616,0.1636,0.1617,0.1831,0.7552,0.0049,0.9311,0.5
613,visual_veracity_distortion,1,1,1,scalars,0.1638,0.1616,0.1636,0.1617,0.183,0.7466,0.0098,0.8432,0.0014
614,visual_veracity_distortion,1,0,0,scalars,0.1638,0.1617,0.1636,0.1617,0.1828,0.4813,0.0003,0.424,0.5
615,visual_veracity_distortion,1,0,0,scalars,0.1638,0.1617,0.1636,0.1617,0.1829,0.5939,0.0101,0.5645,0.5
616,visual_veracity_distortion,1,1,1,scalars,0.1638,0.1616,0.1636,0.1617,0.1831,0.8387,0.1286,0.9838,0.5
617,visual_veracity_distortion,1,1,1,scalars,0.1638,0.1617,0.1636,0.1617,0.1829,0.6295,0.0117,0.5971,0.5
618,visual_veracity_distortion,1,0,0,scalars,0.1638,0.1616,0.1636,0.1618,0.1828,0.4811,0.0,0.4119,0.5
619,visual_veracity_distortion,1,1,1,scalars,0.1638,0.1616,0.1636,0.1616,0.1832,0.9054,0.5754,0.8443,0.0002
620,visual_veracity_distortion,1,0,0,scalars,0.1638,0.1616,0.1636,0.1618,0.1828,0.5897,0.0322,0.5048,0.5
621,visual_veracity_distortion,1,0,0,scalars,0.1638,0.1617,0.1636,0.1617,0.1829,0.5968,0.0088,0.5471,0.5
622,visual_veracity_distortion,1,1,1,scalars,0.1638,0.1616,0.1636,0.1616,0.1832,0.9496,0.982,0.9814,0.0288
623,visual_veracity_distortion,1,1,1,scalars,0.1637,0.1616,0.1636,0.1616,0.1832,0.8963,0.4641,0.9225,0.0061
624,visual_veracity_distortion,1,1,1,scalars,0.1638,0.1617,0.1636,0.1617,0.1829,0.8963,0.7864,0.4603,0.5
625,visual_veracity_distortion,1,1,1,scalars,0.1637,0.1616,0.1636,0.1616,0.1832,0.9191,0.6545,0.8591,0.0017
626,visual_veracity_distortion,1,1,1,scalars,0.1638,0.1616,0.1635,0.1617,0.1831,0.8671,0.2571,0.9565,0.0044
627,visual_veracity_distortion,1,1,1,scalars,0.1638,0.1617,0.1636,0.1617,0.1828,0.8998,0.8067,0.4242,0.0019
628,visual_veracity_distortion,1,1,1,scalars,0.1638,0.1616,0.1635,0.1617,0.1832,0.9371,0.7764,0.9417,0.0069
629,visual_veracity_distortion,1,1,1,scalars,0.1638,0.1616,0.1635,0.1616,0.1832,0.9192,0.5538,0.984,0.5
630,visual_veracity_distortion,1,1,1,scalars,0.1638,0.1616,0.1635,0.1618,0.183,0.756,0.0144,0.864,0.5
631,visual_veracity_distortion,1,1,1,scalars,0.1638,0.1617,0.1636,0.1616,0.1831,0.8441,0.2501,0.8753,0.0066
632,visual_veracity_distortion,1,1,1,scalars,0.1638,0.1616,0.1636,0.1617,0.183,0.9343,0.9336,0.692,0.1434
633,visual_veracity_distortion,1,1,1,scalars,0.1638,0.1616,0.1635,0.1617,0.1832,0.9411,0.8479,0.9445,0.1427
634,visual_veracity_distortion,1,1,1,scalars,0.1638,0.1617,0.1636,0.1616,0.183,0.7278,0.0273,0.8017,0.5
635,visual_veracity_distortion,1,1,1,scalars,0.1638,0.1617,0.1635,0.1616,0.1831,0.7858,0.009,0.9736,0.0012
636,visual_veracity_distortion,1,1,1,scalars,0.1638,0.1616,0.1636,0.1617,0.183,0.8997,0.6673,0.616,0.5
637,visual_veracity_distortion,1,1,1,scalars,0.1638,0.1616,0.1635,0.1616,0.1832,0.8912,0.3631,0.9863,0.0239
638,visual_veracity_distortion,1,1,1,scalars,0.1638,0.1616,0.1636,0.1617,0.183,0.6892,0.0252,0.696,0.5
639,visual_veracity_distortion,1,1,1,scalars,0.1638,0.1616,0.1636,0.1616,0.1831,0.7752,0.0021,0.9764,0.5
640,visual_veracity_distortion,1,1,1,scalars,0.1638,0.1616,0.1635,0.1617,0.1831,0.7809,0.0011,0.9955,0.5
641,visual_veracity_distortion,1,1,1,scalars,0.1638,0.1618,0.1637,0.1617,0.1826,0.7257,0.5057,0.1964,0.5
642,visual_veracity_distortion,1,1,1,scalars,0.1638,0.1616,0.1636,0.1617,0.1831,0.9259,0.7923,0.7796,0.5
643,visual_veracity_distortion,1,1,1,scalars,0.1639,0.1617,0.1637,0.1618,0.1825,0.7356,0.5449,0.1323,0.5
644,visual_veracity_distortion,1,1,1,scalars,0.1638,0.1616,0.1635,0.1617,0.1831,0.7707,0.0,0.9996,0.0002
645,visual_veracity_distortion,1,1,1,scalars,0.1638,0.1617,0.1636,0.1617,0.183,0.6656,0.0013,0.7178,0.5
646,visual_veracity_distortion,1,1,1,scalars,0.1638,0.1617,0.1636,0.1617,0.183,0.9309,0.915,0.6589,0.5
647,visual_veracity_distortion,1,1,1,scalars,0.1638,0.1617,0.1636,0.1616,0.1831,0.8933,0.5264,0.7866,0.5
648,visual_veracity_distortion,1,1,1,scalars,0.1638,0.1617,0.1636,0.1616,0.183,0.9231,0.8576,0.6405,0.0006
649,visual_veracity_distortion,1,1,1,scalars,0.1638,0.1616,0.1635,0.1617,0.1832,0.9134,0.6063,0.8999,0.5
650,visual_veracity_distortion,1,1,1,scalars,0.1638,0.1615,0.1636,0.1617,0.1831,0.7736,0.0024,0.9773,0.0006
651,visual_veracity_distortion,1,1,1,scalars,0.1638,0.1616,0.1636,0.1617,0.1831,0.7607,0.0009,0.9323,0.5
652,visual_veracity_distortion,1,1,1,scalars,0.1638,0.1616,0.1635,0.1617,0.1831,0.8195,0.111,0.9658,0.9867
653,visual_veracity_distortion,1,1,1,scalars,0.1638,0.1615,0.1635,0.1617,0.1832,0.9248,0.6795,1.0,0.0102
654,visual_veracity_distortion,1,1,1,scalars,0.1638,0.1616,0.1636,0.1617,0.1831,0.7702,0.0079,0.9382,0.0164
655,visual_veracity_distortion,1,1,1,scalars,0.1638,0.1616,0.1636,0.1617,0.183,0.7211,0.0147,0.7913,0.5
656,visual_veracity_distortion,1,1,1,scalars,0.1638,0.1615,0.1635,0.1617,0.1832,0.8891,0.4182,0.9525,0.2464
657,visual_veracity_distortion,1,1,1,scalars,0.1638,0.1616,0.1635,0.1616,0.1832,0.8584,0.2507,0.9549,0.5
658,visual_veracity_distortion,1,1,1,scalars,0.1638,0.1616,0.1636,0.1617,0.1831,0.786,0.0173,0.9852,0.5
659,visual_veracity_distortion,1,1,1,scalars,0.1638,0.1616,0.1636,0.1617,0.1831,0.7567,0.0003,0.9326,0.5
660,visual_veracity_distortion,1,1,1,scalars,0.1637,0.1616,0.1636,0.1617,0.1832,0.8057,0.0497,0.9991,0.0036
661,visual_veracity_distortion,1,1,1,scalars,0.1637,0.1616,0.1636,0.1617,0.1831,0.8076,0.059,0.9763,0.0231
662,visual_veracity_distortion,1,1,1,scalars,0.1638,0.1615,0.1636,0.1617,0.1831,0.7814,0.0015,0.9724,0.0135
663,visual_veracity_distortion,1,1,1,scalars,0.1638,0.1616,0.1636,0.1617,0.1831,0.7597,0.0004,0.9164,0.0721
664,visual_veracity_distortion,1,1,1,scalars,0.1637,0.1616,0.1636,0.1616,0.1832,0.9351,0.734,0.9982,0.5
665,visual_veracity_distortion,1,1,1,scalars,0.1637,0.1617,0.1636,0.1616,0.1832,0.8209,0.1051,0.9686,0.0023
666,visual_veracity_distortion,1,1,1,scalars,0.1638,0.1616,0.1636,0.1617,0.1831,0.8004,0.0268,1.0,0.5
667,visual_veracity_distortion,1,1,1,scalars,0.1638,0.1616,0.1635,0.1617,0.1831,0.8044,0.0291,0.9961,0.5
668,visual_veracity_distortion,1,1,1,scalars,0.1637,0.1615,0.1636,0.1617,0.1832,0.953,0.9991,0.9814,0.2468
669,visual_veracity_distortion,1,1,1,scalars,0.1637,0.1615,0.1636,0.1617,0.1832,0.8468,0.1743,0.9983,0.004
670,visual_veracity_distortion,1,1,1,scalars,0.1637,0.1617,0.1636,0.1616,0.1832,0.8228,0.098,0.9977,0.5
671,visual_veracity_distortion,1,1,1,scalars,0.1638,0.1616,0.1636,0.1617,0.1831,0.7666,0.0022,0.9243,0.0101
672,visual_veracity_distortion,1,1,1,scalars,0.1637,0.1616,0.1636,0.1617,0.1832,0.8496,0.199,0.9764,0.5
673,visual_veracity_distortion,1,1,1,scalars,0.1638,0.1616,0.1635,0.1617,0.1832,0.8775,0.3242,0.9994,0.5
674,visual_veracity_distortion,1,1,1,scalars,0.1638,0.1616,0.1635,0.1616,0.1832,0.923,0.628,0.9859,0.5
675,visual_veracity_distortion,1,1,1,scalars,0.1638,0.1616,0.1636,0.1618,0.183,0.6662,0.0019,0.6968,0.0008
676,visual_veracity_distortion,1,1,1,scalars,0.1637,0.1616,0.1635,0.1617,0.1832,0.9325,0.7152,0.9997,0.5
677,visual_veracity_distortion,1,1,1,scalars,0.1638,0.1616,0.1636,0.1617,0.1831,0.7439,0.0129,0.8692,0.5
678,visual_veracity_distortion,1,1,1,scalars,0.1638,0.1616,0.1636,0.1617,0.1831,0.788,0.0321,0.9655,0.9882
679,visual_veracity_distortion,1,1,1,scalars,0.1638,0.1616,0.1636,0.1617,0.1831,0.7923,0.0249,0.9712,0.5
680,visual_veracity_distortion,1,1,1,scalars,0.1638,0.1616,0.1635,0.1617,0.1832,0.8516,0.2172,0.9928,0.5
681,visual_veracity_distortion,1,1,1,scalars,0.1637,0.1616,0.1636,0.1616,0.1831,0.8168,0.0976,0.9454,0.0103
682,visual_veracity_distortion,1,1,1,scalars,0.1638,0.1616,0.1636,0.1617,0.1831,0.7708,0.0082,0.9481,0.5
683,visual_veracity_distortion,1,1,1,scalars,0.1637,0.1616,0.1636,0.1617,0.1831,0.7841,0.0287,0.9441,0.5
684,visual_veracity_distortion,1,1,1,scalars,0.1637,0.1616,0.1636,0.1617,0.1831,0.7559,0.0231,0.8895,0.5
685,visual_veracity_distortion,1,1,1,scalars,0.1637,0.1616,0.1636,0.1617,0.1832,0.9498,0.9979,0.9732,0.0494
686,visual_veracity_distortion,1,1,1,scalars,0.1638,0.1616,0.1635,0.1617,0.1831,0.7832,0.0649,0.939,0.0038
687,visual_veracity_distortion,1,1,1,scalars,0.1638,0.1615,0.1636,0.1618,0.1831,0.717,0.0086,0.814,0.0211
688,visual_veracity_distortion,1,1,1,scalars,0.1637,0.1616,0.1636,0.1617,0.1832,0.9444,0.9899,0.8994,0.0012
689,visual_veracity_distortion,1,1,1,scalars,0.1638,0.1616,0.1636,0.1617,0.183,0.7047,0.09,0.6541,0.9521
690,visual_veracity_distortion,1,1,1,scalars,0.1638,0.1616,0.1636,0.1617,0.1831,0.9526,0.9962,0.9247,0.9942
691,visual_veracity_distortion,1,1,1,scalars,0.1638,0.1616,0.1636,0.1617,0.1831,0.9458,0.9989,0.8268,0.0113
692,visual_veracity_distortion,1,1,1,scalars,0.1637,0.1616,0.1635,0.1617,0.1832,0.9192,0.6033,0.993,0.5763
693,visual_veracity_distortion,1,1,1,scalars,0.1637,0.1615,0.1636,0.1617,0.1832,0.9498,0.9991,0.9909,0.0001
694,visual_veracity_distortion,1,1,1,scalars,0.1638,0.1616,0.1635,0.1617,0.1832,0.9438,0.9759,0.9074,0.0016
695,visual_veracity_distortion,1,1,1,scalars,0.1639,0.1617,0.1637,0.1618,0.1826,0.6474,0.3815,0.1837,0.3771
696,visual_veracity_distortion,1,0,0,scalars,0.164,0.1618,0.1637,0.1618,0.1824,0.3105,0.0005,0.1008,0.9238
697,visual_veracity_distortion,1,0,0,scalars,0.1639,0.1616,0.1637,0.1619,0.1824,0.3275,0.0063,0.1195,0.0006
698,visual_veracity_distortion,1,0,0,scalars,0.164,0.1617,0.1637,0.1619,0.1823,0.3542,0.0105,0.12,0.5
699,visual_veracity_distortion,1,0,0,scalars,0.1639,0.1617,0.1637,0.1618,0.1826,0.4298,0.0147,0.2882,0.5
700,mismatch,1,0,0,scalars,0.1639,0.1617,0.1637,0.1618,0.1825,0.453,0.158,0.1554,0.0036
701,mismatch,1,1,1,scalars,0.1638,0.1617,0.1637,0.1618,0.1827,0.9029,0.9999,0.2633,0.0014
702,mismatch,1,1,1,scalars,0.1638,0.1616,0.1636,0.1618,0.1828,0.8896,0.9685,0.316,0.0091
703,mismatch,1,1,1,scalars,0.1639,0.1617,0.1636,0.1618,0.1827,0.8807,0.9211,0.2474,0.0259
704,mismatch,1,1,1,scalars,0.1638,0.1616,0.1636,0.1617,0.183,0.935,0.9986,0.6689,0.0007
705,mismatch,1,1,1,scalars,0.1638,0.1616,0.1636,0.1617,0.183,0.9311,0.9968,0.6456,0.0129
706,mismatch,1,1,1,scalars,0.1639,0.1617,0.1637,0.1619,0.1824,0.8686,1.0,0.0326,0.0005
707,mismatch,1,1,1,scalars,0.1639,0.1617,0.1637,0.1618,0.1826,0.8835,0.9987,0.1338,0.0049
708,mismatch,1,1,1,scalars,0.1639,0.1617,0.1637,0.1618,0.1825,0.7354,0.614,0.0786,0.0308
709,mismatch,1,1,1,scalars,0.1639,0.1616,0.1637,0.1619,0.1826,0.8898,1.0,0.173,0.0003
710,mismatch,1,1,1,scalars,0.1639,0.1616,0.1636,0.1619,0.1827,0.9089,0.9999,0.2812,0.001
711,mismatch,1,1,1,scalars,0.1639,0.1616,0.1637,0.1619,0.1825,0.8835,1.0,0.1194,0.0002
712,mismatch,1,1,1,scalars,0.1639,0.1616,0.1637,0.1618,0.1827,0.8978,0.9995,0.2473,0.0006
713,mismatch,1,0,0,scalars,0.1639,0.1618,0.1637,0.1618,0.1823,0.334,0.0416,0.0842,0.0001
714,mismatch,1,0,0,scalars,0.1639,0.1618,0.1637,0.1618,0.1823,0.2883,0.0211,0.0527,0.0046
715,mismatch,1,1,1,scalars,0.1639,0.1617,0.1637,0.1618,0.1825,0.8816,0.9993,0.0853,0.0119
716,mismatch,1,0,0,scalars,0.1639,0.1617,0.1637,0.1618,0.1826,0.4144,0.0311,0.2516,0.0002
717,mismatch,1,1,1,scalars,0.1638,0.1616,0.1637,0.1618,0.1827,0.9095,0.9989,0.2734,0.0001
718,mismatch,1,1,1,scalars,0.1639,0.1616,0.1636,0.1618,0.1827,0.8954,0.9846,0.2526,0.0001
719,mismatch,1,1,1,scalars,0.1639,0.1616,0.1636,0.1619,0.1827,0.6207,0.149,0.4132,0.012
720,mismatch,1,0,0,scalars,0.1639,0.1617,0.1637,0.1619,0.1823,0.3199,0.0121,0.0943,0.0036
721,mismatch,1,1,1,scalars,0.1639,0.1617,0.1637,0.1618,0.1825,0.8784,0.9958,0.0905,0.0109
722,mismatch,1,1,1,scalars,0.1638,0.1616,0.1637,0.1618,0.1827,0.9054,0.9999,0.2806,0.0001
723,mismatch,1,0,0,scalars,0.1639,0.1617,0.1637,0.1618,0.1824,0.2999,0.0008,0.0952,0.0414
724,mismatch,1,1,1,scalars,0.1638,0.1616,0.1636,0.1618,0.1828,0.8311,0.6788,0.293,0.0095
725,mismatch,1,1,1,scalars,0.1639,0.1616,0.1637,0.1619,0.1826,0.907,1.0,0.1983,0.001
726,mismatch,1,1,1,scalars,0.1638,0.1617,0.1636,0.1617,0.1829,0.9163,0.9969,0.4355,0.0045
727,mismatch,1,1,1,scalars,0.1638,0.1615,0.1636,0.1618,0.1829,0.9014,0.826,0.5099,0.0333
728,mismatch,1,0,0,scalars,0.1639,0.1617,0.1636,0.1618,0.1826,0.5259,0.1408,0.287,0.9236
729,mismatch,1,1,1,scalars,0.1638,0.1616,0.1636,0.1618,0.1829,0.9128,0.9613,0.4453,0.0065
730,mismatch,1,1,1,scalars,0.1638,0.1616,0.1636,0.1617,0.183,0.9347,1.0,0.5987,0.0009
731,mismatch,1,1,1,scalars,0.1639,0.1617,0.1637,0.1618,0.1826,0.8955,1.0,0.1574,0.0022
732,mismatch,1,1,1,scalars,0.1639,0.1617,0.1637,0.1618,0.1825,0.8847,0.9961,0.1301,0.0269
733,mismatch,1,1,1,scalars,0.1639,0.1617,0.1637,0.1618,0.1826,0.8905,0.9996,0.1697,0.5
734,mismatch,1,1,1,scalars,0.1638,0.1616,0.1636,0.1617,0.1829,0.9215,0.9985,0.4777,0.0007
735,mismatch,1,1,1,scalars,0.1639,0.1617,0.1637,0.1618,0.1827,0.8608,0.8462,0.2279,0.0037
736,mismatch,1,1,1,scalars,0.1639,0.1616,0.1637,0.1618,0.1826,0.887,0.999,0.1579,0.0008
737,mismatch,1,1,1,scalars,0.1638,0.1617,0.1637,0.1617,0.1828,0.9044,0.9849,0.3318,0.0008
738,mismatch,1,1,1,scalars,0.1638,0.1616,0.1636,0.1618,0.1829,0.9251,0.9998,0.5348,0.9684
739,mismatch,1,1,1,scalars,0.1639,0.1616,0.1637,0.1619,0.1826,0.883,0.9956,0.1376,0.0025
740,mismatch,1,1,1,scalars,0.1638,0.1616,0.1637,0.1618,0.1827,0.9009,0.999,0.2303,0.0003
741,mismatch,1,1,1,scalars,0.1639,0.1617,0.1637,0.1618,0.1825,0.8605,0.9903,0.0479,0.0033
742,mismatch,1,0,0,scalars,0.1638,0.1616,0.1636,0.1618,0.183,0.5948,0.0,0.6202,0.0087
743,mismatch,1,0,0,scalars,0.1639,0.1617,0.1637,0.1619,0.1824,0.385,0.0783,0.1362,0.0012
744,mismatch,1,1,1,scalars,0.1639,0.1617,0.1637,0.1618,0.1826,0.8981,1.0,0.1717,0.0024
745,mismatch,1,0,0,scalars,0.1639,0.1617,0.1636,0.1618,0.1827,0.447,0.0037,0.3706,0.0025
746,mismatch,1,0,0,scalars,0.1639,0.1617,0.1636,0.1618,0.1827,0.5717,0.2422,0.2633,0.0001
747,mismatch,1,1,1,scalars,0.1638,0.1616,0.1636,0.1617,0.183,0.9334,0.9995,0.6155,0.0084
748,mismatch,1,0,0,scalars,0.1639,0.1616,0.1637,0.1619,0.1825,0.533,0.2665,0.1141,0.0012
749,mismatch,1,1,1,scalars,0.1639,0.1617,0.1637,0.1618,0.1824,0.8649,0.9742,0.0367,0.0091
750,mismatch,1,1,1,scalars,0.1638,0.1616,0.1636,0.1617,0.1831,0.9517,1.0,0.9495,0.0001
751,mismatch,1,1,1,scalars,0.1638,0.1615,0.1636,0.1618,0.1829,0.9361,0.9999,0.5727,0.7978
752,mismatch,1,1,1,scalars,0.1638,0.1616,0.1636,0.1617,0.183,0.9364,0.9995,0.6289,0.0041
753,mismatch,1,1,1,scalars,0.1638,0.1616,0.1636,0.1617,0.183,0.9397,0.9989,0.6836,0.5
754,mismatch,1,1,1,scalars,0.1638,0.1617,0.1636,0.1616,0.183,0.9161,0.9143,0.5648,0.0067
755,mismatch,1,1,1,scalars,0.1639,0.1616,0.1637,0.1618,0.1826,0.8944,0.9998,0.1872,0.0005
756,mismatch,1,1,1,scalars,0.1639,0.1616,0.1636,0.1618,0.1828,0.9288,1.0,0.4549,0.0
757,mismatch,1,1,1,scalars,0.1639,0.1617,0.1637,0.1618,0.1826,0.9033,1.0,0.2252,0.5
758,mismatch,1,1,1,scalars,0.1639,0.1617,0.1637,0.1618,0.1824,0.8815,1.0,0.0544,0.0027
759,mismatch,1,1,1,scalars,0.1638,0.1615,0.1636,0.1618,0.1831,0.9432,0.9987,0.821,0.5
760,mismatch,1,1,1,scalars,0.1639,0.1617,0.1637,0.1618,0.1825,0.8717,0.999,0.0606,0.5
761,mismatch,1,1,1,scalars,0.1638,0.1616,0.1636,0.1618,0.183,0.9249,0.8901,0.6222,0.0001
762,mismatch,1,1,1,scalars,0.1638,0.1616,0.1636,0.1617,0.1829,0.878,0.7984,0.4181,0.0001
763,mismatch,1,1,1,scalars,0.1639,0.1617,0.1636,0.1618,0.1827,0.6251,0.1871,0.3645,0.5
764,mismatch,1,1,1,scalars,0.1638,0.1617,0.1636,0.1617,0.1829,0.9258,0.9992,0.4934,0.011
765,mismatch,1,1,1,scalars,0.1638,0.1617,0.1636,0.1617,0.1829,0.8896,0.7996,0.4315,0.0055
766,mismatch,1,1,1,scalars,0.1639,0.1617,0.1637,0.1618,0.1826,0.8965,0.999,0.1975,0.0129
767,mismatch,1,1,1,scalars,0.1639,0.1617,0.1637,0.1618,0.1825,0.8868,0.9883,0.1367,0.0007
768,mismatch,1,1,1,scalars,0.1639,0.1618,0.1637,0.1617,0.1824,0.8674,0.9875,0.0052,0.5
769,mismatch,1,1,1,scalars,0.1639,0.1617,0.1637,0.1618,0.1825,0.8934,0.9999,0.0992,0.0008
770,mismatch,1,1,1,scalars,0.1639,0.1616,0.1636,0.1619,0.1826,0.9052,0.9997,0.2556,0.0002
771,mismatch,1,1,1,scalars,0.1638,0.1616,0.1636,0.1617,0.183,0.9281,0.9972,0.6048,0.5
772,mismatch,1,1,1,scalars,0.1638,0.1616,0.1636,0.1617,0.183,0.9405,0.9985,0.6496,0.0053
773,mismatch,1,1,1,scalars,0.1638,0.1616,0.1636,0.1617,0.183,0.764,0.1023,0.7833,0.2006
774,mismatch,1,1,1,scalars,0.1638,0.1616,0.1636,0.1617,0.183,0.9316,0.9687,0.6658,0.0001
775,mismatch,1,1,1,scalars,0.1638,0.1616,0.1636,0.1617,0.1831,0.9516,1.0,0.8765,0.0002
776,mismatch,1,1,1,scalars,0.1638,0.1617,0.1637,0.1618,0.1827,0.924,1.0,0.3388,0.0021
777,mismatch,1,1,1,scalars,0.1638,0.1616,0.1636,0.1617,0.183,0.94,0.997,0.7071,0.0018
778,mismatch,1,1,1,scalars,0.1639,0.1617,0.1636,0.1617,0.1827,0.8922,0.96,0.2669,0.5
779,mismatch,1,1,1,scalars,0.1638,0.1617,0.1637,0.1617,0.1827,0.9062,1.0,0.2299,0.0002
780,mismatch,1,1,1,scalars,0.1638,0.1616,0.1636,0.1618,0.183,0.9212,0.9406,0.5654,0.0002
781,mismatch,1,1,1,scalars,0.1638,0.1616,0.1636,0.1617,0.1831,0.9554,1.0,0.9566,0.9083
782,mismatch,1,1,1,scalars,0.1639,0.1618,0.1637,0.1618,0.1825,0.8017,0.7308,0.0786,0.0016
783,mismatch,1,1,1,scalars,0.1639,0.1617,0.1637,0.1618,0.1826,0.8997,1.0,0.1555,0.0015
784,mismatch,1,0,0,scalars,0.164,0.1617,0.1636,0.1618,0.1825,0.4439,0.0541,0.2604,0.0
785,mismatch,1,1,1,scalars,0.1638,0.1616,0.1636,0.1618,0.183,0.9285,0.9768,0.5676,0.0002
786,mismatch,1,1,1,scalars,0.1639,0.1616,0.1637,0.1619,0.1826,0.8702,0.8763,0.1896,0.6671
787,mismatch,1,1,1,scalars,0.164,0.1618,0.1637,0.1618,0.1824,0.9089,1.0,0.1464,0.5
788,mismatch,1,1,1,scalars,0.1638,0.1615,0.1636,0.1617,0.1831,0.9465,0.9995,0.851,0.0019
789,mismatch,1,1,1,scalars,0.1639,0.1617,0.1637,0.1618,0.1825,0.9052,1.0,0.1584,0.3202
790,mismatch,1,1,1,scalars,0.1639,0.1617,0.1637,0.1619,0.1824,0.8468,0.9396,0.0087,0.5
791,mismatch,1,1,1,scalars,0.1638,0.1616,0.1636,0.1618,0.183,0.9349,0.9447,0.6926,0.5
792,mismatch,1,1,1,scalars,0.1639,0.1615,0.1636,0.1619,0.1829,0.9342,0.9993,0.5189,0.0027
793,mismatch,1,1,1,scalars,0.1639,0.1617,0.1637,0.1618,0.1824,0.8948,1.0,0.0719,0.0066
794,mismatch,1,1,1,scalars,0.1639,0.1616,0.1636,0.1618,0.1828,0.9331,1.0,0.5043,0.0021
795,mismatch,1,1,1,scalars,0.1639,0.1617,0.1636,0.1618,0.1827,0.8544,0.7619,0.2665,0.0005
796,mismatch,1,1,1,scalars,0.1638,0.1616,0.1636,0.1618,0.1828,0.9232,0.9985,0.3761,0.0237
797,mismatch,1,1,1,scalars,0.1638,0.1616,0.1636,0.1618,0.1829,0.9249,0.985,0.4925,0.5
798,mismatch,1,1,1,scalars,0.1638,0.1616,0.1636,0.1618,0.1829,0.9415,1.0,0.6128,0.0026
799,mismatch,1,1,1,scalars,0.1638,0.1615,0.1636,0.1619,0.1828,0.9162,0.9761,0.4165,0.5
800,mismatch,1,0,0,scalars,0.1638,0.1616,0.1637,0.1618,0.1826,0.4612,0.0601,0.2966,0.0001
801,mismatch,1,1,1,scalars,0.1638,0.1616,0.1636,0.1618,0.1829,0.9233,0.9992,0.4639,0.0026
802,mismatch,1,1,1,scalars,0.1639,0.1617,0.1637,0.1618,0.1825,0.7948,0.774,0.038,0.001
803,mismatch,1,1,1,scalars,0.1638,0.1616,0.1636,0.1617,0.1831,0.9435,0.9981,0.7362,0.0006
804,mismatch,1,1,1,scalars,0.1638,0.1616,0.1636,0.1618,0.183,0.9324,0.9988,0.5759,0.0039
805,mismatch,1,1,1,scalars,0.1638,0.1616,0.1636,0.1618,0.1828,0.9213,0.9985,0.4338,0.5
806,mismatch,1,1,1,scalars,0.1638,0.1616,0.1636,0.1618,0.1829,0.9286,0.9995,0.4961,0.0011
807,mismatch,1,0,0,scalars,0.1639,0.1617,0.1637,0.1618,0.1825,0.4086,0.057,0.1782,0.0003
808,mismatch,1,1,1,scalars,0.1638,0.1616,0.1636,0.1618,0.1829,0.9271,0.9988,0.5251,0.0008
809,mismatch,1,1,1,scalars,0.1638,0.1616,0.1636,0.1617,0.183,0.9151,0.8183,0.5982,0.0007
810,mismatch,1,1,1,scalars,0.1639,0.1617,0.1637,0.1618,0.1827,0.9203,1.0,0.31,0.5
811,mismatch,1,1,1,scalars,0.1638,0.1617,0.1636,0.1618,0.1828,0.9226,0.9996,0.4063,0.0
812,mismatch,1,1,1,scalars,0.1638,0.1616,0.1636,0.1617,0.1832,0.9456,0.9803,0.8849,0.0018
813,mismatch,1,1,1,scalars,0.1638,0.1616,0.1636,0.1618,0.1829,0.6818,0.2793,0.4124,0.0037
814,mismatch,1,1,1,scalars,0.1638,0.1617,0.1636,0.1616,0.183,0.9279,0.9587,0.5933,0.0001
815,mismatch,1,1,1,scalars,0.1639,0.1617,0.1637,0.1618,0.1825,0.878,0.999,0.0726,0.0033
816,mismatch,1,1,1,scalars,0.1639,0.1616,0.1636,0.1618,0.1829,0.9224,0.9828,0.4929,0.5
817,mismatch,1,1,1,scalars,0.1639,0.1617,0.1637,0.1618,0.1826,0.8998,0.9995,0.2258,0.5
818,mismatch,1,1,1,scalars,0.1638,0.1616,0.1636,0.1617,0.1829,0.8951,0.837,0.4549,0.5
819,mismatch,1,1,1,scalars,0.1638,0.1615,0.1636,0.1618,0.1829,0.9273,0.9981,0.5312,0.0007
820,mismatch,1,1,1,scalars,0.1639,0.1617,0.1637,0.1619,0.1824,0.8692,0.9966,0.0052,0.5
821,mismatch,1,1,1,scalars,0.1639,0.1618,0.1637,0.1617,0.1825,0.8764,0.9998,0.0529,0.001
822,mismatch,1,1,1,scalars,0.1638,0.1616,0.1636,0.1617,0.183,0.9366,0.9936,0.6759,0.003
823,mismatch,1,1,1,scalars,0.1639,0.1617,0.1637,0.1619,0.1824,0.8499,0.9931,0.0063,0.0004
824,mismatch,1,1,1,scalars,0.1638,0.1616,0.1636,0.1618,0.1828,0.8953,0.9709,0.3283,0.0001
825,mismatch,1,1,1,scalars,0.1639,0.1617,0.1636,0.1618,0.1828,0.9306,1.0,0.4237,0.013
826,mismatch,1,1,1,scalars,0.1639,0.1617,0.1637,0.1618,0.1826,0.8495,0.8281,0.1302,0.5
827,mismatch,1,1,1,scalars,0.1639,0.1617,0.1636,0.1617,0.1827,0.8799,0.8535,0.2995,0.5
828,mismatch,1,1,1,scalars,0.1638,0.1616,0.1636,0.1617,0.183,0.9103,0.8123,0.5737,0.5
829,mismatch,1,1,1,scalars,0.1638,0.1616,0.1636,0.1617,0.1831,0.7798,0.1774,0.7608,0.0034
830,mismatch,1,1,1,scalars,0.1639,0.1617,0.1637,0.1619,0.1824,0.8805,0.9996,0.0657,0.0646
831,mismatch,1,1,1,scalars,0.1639,0.1615,0.1636,0.1619,0.1828,0.9317,1.0,0.5046,0.0001
832,mismatch,1,1,1,scalars,0.1639,0.1617,0.1637,0.1619,0.1824,0.8857,1.0,0.0561,0.5
833,mismatch,1,1,1,scalars,0.1639,0.1617,0.1637,0.1618,0.1826,0.8932,0.9991,0.1897,0.0001
834,mismatch,1,1,1,scalars,0.1638,0.1615,0.1636,0.1618,0.1831,0.9395,0.9948,0.7377,0.5
835,mismatch,1,1,1,scalars,0.1639,0.1616,0.1637,0.1618,0.1827,0.9029,0.9819,0.2452,0.0051
836,mismatch,1,1,1,scalars,0.1639,0.1617,0.1637,0.1619,0.1824,0.8875,1.0,0.0805,0.5
837,mismatch,1,1,1,scalars,0.1638,0.1616,0.1636,0.1618,0.1828,0.9163,0.9975,0.402,0.0008
838,mismatch,1,0,0,scalars,0.1639,0.1617,0.1637,0.1619,0.1823,0.4404,0.1975,0.0412,0.0001
839,mismatch,1,1,1,scalars,0.1639,0.1617,0.1637,0.1618,0.1825,0.8767,0.9994,0.0572,0.0029
840,mismatch,1,1,1,scalars,0.1638,0.1615,0.1636,0.1617,0.1832,0.9044,0.4895,0.9347,0.0007
841,mismatch,1,1,1,scalars,0.1639,0.1617,0.1637,0.1619,0.1824,0.885,1.0,0.04,0.0002
842,mismatch,1,1,1,scalars,0.1638,0.1616,0.1636,0.1617,0.183,0.9388,0.9998,0.6523,0.0001
843,mismatch,1,1,1,scalars,0.1638,0.1617,0.1636,0.1616,0.1831,0.9459,0.9999,0.7686,0.7825
844,mismatch,1,0,0,scalars,0.1639,0.1617,0.1637,0.1618,0.1825,0.402,0.0132,0.2183,0.0002
845,mismatch,1,1,1,scalars,0.1638,0.1617,0.1636,0.1617,0.1828,0.9117,0.9991,0.3436,0.6434
846,mismatch,1,1,1,scalars,0.1639,0.1616,0.1636,0.1619,0.1827,0.908,0.9963,0.2695,0.0201
847,mismatch,1,1,1,scalars,0.1638,0.1616,0.1636,0.1618,0.1829,0.9261,0.9999,0.4729,0.5
848,mismatch,1,1,1,scalars,0.1638,0.1617,0.1637,0.1618,0.1827,0.891,0.9937,0.2117,0.0002
849,mismatch,1,1,1,scalars,0.1638,0.1615,0.1636,0.1618,0.1831,0.93,0.9637,0.6684,0.0238
850,mismatch,1,0,0,scalars,0.1639,0.1617,0.1636,0.1617,0.1828,0.5281,0.0109,0.443,0.0006
851,mismatch,1,0,0,scalars,0.164,0.1618,0.1637,0.1618,0.1822,0.2796,0.0014,0.0111,0.5
852,mismatch,1,1,1,scalars,0.1638,0.1616,0.1636,0.1618,0.183,0.69,0.005,0.7448,0.0037
853,mismatch,1,1,1,scalars,0.1639,0.1616,0.1636,0.1618,0.1829,0.7344,0.2705,0.4932,0.5
854,mismatch,1,0,0,scalars,0.1639,0.1617,0.1637,0.1619,0.1824,0.3987,0.0627,0.1561,0.0021
855,mismatch,1,1,1,scalars,0.1638,0.1616,0.1636,0.1617,0.1831,0.7298,0.0049,0.8468,0.0189
856,mismatch,1,1,1,scalars,0.1638,0.1615,0.1636,0.1618,0.183,0.7294,0.0004,0.8445,0.5
857,mismatch,1,1,1,scalars,0.1638,0.1615,0.1635,0.1617,0.1832,0.8698,0.2817,0.9979,0.5
858,mismatch,1,1,1,scalars,0.1638,0.1616,0.1636,0.1617,0.183,0.7176,0.0028,0.8078,0.0317
859,mismatch,1,0,0,scalars,0.1639,0.1618,0.1638,0.1618,0.1823,0.3402,0.0886,0.0202,0.5
860,mismatch,1,1,1,scalars,0.1638,0.1616,0.1636,0.1617,0.1831,0.8091,0.2034,0.8046,0.5
861,mismatch,1,0,0,scalars,0.1639,0.1617,0.1636,0.1618,0.1828,0.5363,0.0003,0.4661,0.5
862,mismatch,1,0,0,scalars,0.164,0.1618,0.1637,0.1619,0.1823,0.3079,0.0017,0.0918,0.015
863,mismatch,1,1,1,scalars,0.1639,0.1617,0.1636,0.1618,0.1827,0.7191,0.3997,0.3052,0.5
864,mismatch,1,1,1,scalars,0.1638,0.1615,0.1636,0.1618,0.1831,0.7159,0.0,0.8318,0.5
865,mismatch,1,1,1,scalars,0.1638,0.1616,0.1635,0.1617,0.1831,0.7871,0.0196,0.9899,0.5
866,mismatch,1,1,1,scalars,0.1639,0.1617,0.1636,0.1617,0.1829,0.6104,0.0001,0.615,0.5
867,mismatch,1,1,1,scalars,0.1639,0.1616,0.1637,0.1619,0.1827,0.6995,0.4421,0.2246,0.5
868,mismatch,1,0,0,scalars,0.1639,0.1618,0.1637,0.1618,0.1825,0.3743,0.004,0.2102,0.5
869,mismatch,1,1,1,scalars,0.1639,0.1616,0.1636,0.1618,0.1827,0.9105,0.9833,0.3391,0.7249
870,mismatch,1,1,1,scalars,0.1638,0.1616,0.1636,0.1617,0.183,0.6868,0.0,0.7945,0.0044
871,mismatch,1,0,0,scalars,0.1639,0.1616,0.1636,0.1618,0.1828,0.5666,0.0122,0.4967,0.5
872,mismatch,1,1,1,scalars,0.1638,0.1616,0.1636,0.1617,0.183,0.6837,0.0134,0.696,0.5
873,mismatch,1,1,1,scalars,0.1638,0.1616,0.1636,0.1617,0.1831,0.7426,0.0011,0.8865,0.5
874,mismatch,1,0,0,scalars,0.1639,0.1617,0.1636,0.1618,0.1827,0.5498,0.0934,0.3693,0.5
875,mismatch,1,0,0,scalars,0.1639,0.1617,0.1637,0.1618,0.1826,0.4251,0.0065,0.2835,0.5
876,mismatch,1,1,1,scalars,0.1638,0.1616,0.1636,0.1618,0.1829,0.6425,0.0424,0.5765,0.0031
877,mismatch,1,1,1,scalars,0.1638,0.1616,0.1636,0.1618,0.1829,0.681,0.0204,0.6727,0.5
878,mismatch,1,0,0,scalars,0.1639,0.1616,0.1637,0.1618,0.1826,0.4363,0.0162,0.2938,0.0225
879,mismatch,1,0,0,scalars,0.1639,0.1617,0.1636,0.1618,0.1826,0.4453,0.0019,0.3208,0.0019
880,mismatch,1,1,1,scalars,0.1639,0.1616,0.1636,0.1618,0.1828,0.6693,0.242,0.4222,0.5
881,mismatch,1,1,1,scalars,0.1638,0.1616,0.1636,0.1617,0.1829,0.6397,0.0051,0.6302,0.5
882,mismatch,1,1,1,scalars,0.1638,0.1616,0.1636,0.1617,0.183,0.7298,0.0898,0.7005,0.5
883,mismatch,1,1,1,scalars,0.1638,0.1616,0.1636,0.1617,0.183,0.7319,0.0117,0.8197,0.0047
884,mismatch,1,0,0,scalars,0.164,0.1617,0.1637,0.1618,0.1824,0.3243,0.0,0.1387,0.5
885,mismatch,1,1,1,scalars,0.1639,0.1616,0.1636,0.1618,0.1829,0.6646,0.018,0.6337,0.0079
886,mismatch,1,1,1,scalars,0.1638,0.1615,0.1636,0.1618,0.1831,0.772,0.051,0.8743,0.5
887,mismatch,1,1,1,scalars,0.1639,0.1616,0.1636,0.1618,0.1829,0.6851,0.0279,0.6798,0.5
888,mismatch,1,1,1,scalars,0.1638,0.1616,0.1636,0.1617,0.183,0.7678,0.0921,0.8119,0.9874
889,mismatch,1,1,1,scalars,0.1638,0.1616,0.1636,0.1617,0.183,0.7404,0.022,0.8014,0.5
890,mismatch,1,1,1,scalars,0.1639,0.1617,0.1637,0.1618,0.1825,0.7579,0.6301,0.0958,0.5
891,mismatch,1,1,1,scalars,0.1638,0.1616,0.1636,0.1617,0.1831,0.9441,0.9943,0.7801,0.015
892,mismatch,1,0,0,scalars,0.1639,0.1617,0.1636,0.1618,0.1826,0.4875,0.03,0.3523,0.5
893,mismatch,1,1,1,scalars,0.1638,0.1616,0.1636,0.1617,0.183,0.6881,0.0006,0.7755,0.5
894,mismatch,1,1,1,scalars,0.1638,0.1616,0.1636,0.1618,0.1828,0.6085,0.0185,0.5373,0.5
895,mismatch,1,1,1,scalars,0.1638,0.1617,0.1636,0.1617,0.1828,0.661,0.1675,0.4494,0.5
896,mismatch,1,1,1,scalars,0.1639,0.1616,0.1636,0.1618,0.1827,0.7753,0.5245,0.2905,0.0013
897,mismatch,1,0,0,scalars,0.1639,0.1616,0.1637,0.1619,0.1825,0.3766,0.0005,0.2314,0.0066
898,mismatch,1,0,0,scalars,0.1639,0.1616,0.1636,0.1618,0.1827,0.4866,0.0029,0.3827,0.0055
899,mismatch,1,1,1,scalars,0.1638,0.1616,0.1636,0.1617,0.1831,0.6817,0.0,0.7773,0.5
900,mismatch,1,1,1,scalars,0.1638,0.1616,0.1636,0.1618,0.183,0.7028,0.0029,0.763,0.1134
901,mismatch,1,1,1,scalars,0.1638,0.1617,0.1636,0.1617,0.183,0.8131,0.399,0.5621,0.0058
902,mismatch,1,1,1,scalars,0.1638,0.1617,0.1636,0.1617,0.1829,0.6023,0.0002,0.6121,0.5
903,mismatch,1,1,1,scalars,0.1638,0.1616,0.1636,0.1617,0.1831,0.775,0.0592,0.8448,0.0092
904,mismatch,1,0,0,scalars,0.1639,0.1617,0.1636,0.1618,0.1826,0.5854,0.1763,0.3184,0.5
905,mismatch,1,1,1,scalars,0.1638,0.1617,0.1636,0.1617,0.1829,0.9331,0.9959,0.5343,0.5
906,mismatch,1,1,1,scalars,0.1639,0.1616,0.1636,0.1618,0.183,0.7131,0.096,0.662,0.0096
907,mismatch,1,0,0,scalars,0.1639,0.1617,0.1637,0.1618,0.1825,0.3944,0.0522,0.1796,0.5
908,mismatch,1,1,1,scalars,0.1639,0.1617,0.1637,0.1618,0.1827,0.9067,0.998,0.263,0.0037
909,mismatch,1,1,1,scalars,0.1638,0.1616,0.1636,0.1618,0.183,0.9334,0.9915,0.5954,0.5
910,mismatch,1,1,1,scalars,0.1638,0.1616,0.1636,0.1617,0.1831,0.8396,0.3583,0.6724,0.0297
911,mismatch,1,0,0,scalars,0.1639,0.1617,0.1637,0.1619,0.1825,0.4535,0.0703,0.2212,0.0026
912,mismatch,1,0,0,scalars,0.1639,0.1616,0.1636,0.1618,0.1828,0.5555,0.0146,0.4961,0.5
913,mismatch,1,0,0,scalars,0.1639,0.1617,0.1637,0.1618,0.1826,0.4561,0.0298,0.2971,0.0369
914,mismatch,1,1,1,scalars,0.1638,0.1617,0.1636,0.1617,0.183,0.7391,0.0105,0.8308,0.0033
915,mismatch,1,1,1,scalars,0.1638,0.1616,0.1636,0.1617,0.183,0.8863,0.6427,0.6463,0.5
916,mismatch,1,1,1,scalars,0.1639,0.1616,0.1636,0.1618,0.183,0.7403,0.1405,0.6635,0.5
917,mismatch,1,1,1,scalars,0.1639,0.1617,0.1636,0.1618,0.1827,0.6419,0.2934,0.2924,0.5
918,mismatch,1,0,0,scalars,0.1639,0.1617,0.1637,0.1619,0.1824,0.4239,0.0852,0.1532,0.003
919,mismatch,1,1,1,scalars,0.1639,0.1617,0.1637,0.1618,0.1826,0.7795,0.6354,0.1339,0.5
920,mismatch,1,0,0,scalars,0.1639,0.1616,0.1636,0.1618,0.1827,0.5611,0.0905,0.3748,0.0017
921,mismatch,1,1,1,scalars,0.1638,0.1616,0.1636,0.1617,0.1831,0.7758,0.0683,0.8943,0.0007
922,mismatch,1,1,1,scalars,0.1638,0.1616,0.1636,0.1617,0.183,0.6826,0.0003,0.7642,0.5
923,mismatch,1,0,0,scalars,0.1639,0.1618,0.1637,0.1618,0.1823,0.382,0.0923,0.0799,0.5
924,mismatch,1,1,1,scalars,0.1638,0.1616,0.1636,0.1617,0.183,0.9379,0.9876,0.6912,0.001
925,mismatch,1,1,1,scalars,0.1638,0.1617,0.1636,0.1617,0.1829,0.6488,0.0011,0.6398,0.5
926,mismatch,1,1,1,scalars,0.1638,0.1616,0.1636,0.1617,0.183,0.9302,0.9582,0.601,0.5
927,mismatch,1,1,1,scalars,0.1638,0.1615,0.1636,0.1618,0.1831,0.7467,0.0075,0.8634,0.011
928,mismatch,1,0,0,scalars,0.1639,0.1617,0.1637,0.1618,0.1825,0.4259,0.0216,0.2603,0.0744
929,mismatch,1,1,1,scalars,0.1639,0.1617,0.1636,0.1618,0.1826,0.6497,0.3475,0.2423,0.0311
930,mismatch,1,1,1,scalars,0.1638,0.1616,0.1636,0.1617,0.183,0.6934,0.0001,0.7761,0.5
931,mismatch,1,0,0,scalars,0.1639,0.1616,0.1636,0.1618,0.1827,0.5103,0.0098,0.4108,0.5
932,mismatch,1,1,1,scalars,0.1637,0.1616,0.1636,0.1617,0.1831,0.7487,0.0026,0.8617,0.013
933,mismatch,1,0,0,scalars,0.1638,0.1616,0.1636,0.1618,0.1828,0.5304,0.0189,0.4253,0.0208
934,mismatch,1,0,0,scalars,0.1639,0.1617,0.1637,0.1619,0.1823,0.2777,0.0003,0.0249,0.5
935,mismatch,1,0,0,scalars,0.1639,0.1617,0.1636,0.1618,0.1827,0.4899,0.0049,0.3942,0.5
936,mismatch,1,0,0,scalars,0.1639,0.1616,0.1636,0.1618,0.1827,0.496,0.0044,0.4013,0.5
937,mismatch,1,1,1,scalars,0.1639,0.1616,0.1636,0.1618,0.1829,0.6264,0.0007,0.6264,0.9782
938,mismatch,1,0,0,scalars,0.1639,0.1617,0.1637,0.1618,0.1826,0.4291,0.0078,0.3133,0.5
939,mismatch,1,0,0,scalars,0.1639,0.1617,0.1636,0.1618,0.1826,0.4226,0.0003,0.3189,0.5
940,mismatch,1,0,0,scalars,0.1639,0.1616,0.1636,0.1618,0.1829,0.5848,0.0025,0.5544,0.5
941,mismatch,1,1,1,scalars,0.1638,0.1616,0.1636,0.1618,0.1829,0.9248,0.998,0.4827,0.5
942,mismatch,1,0,0,scalars,0.1639,0.1617,0.1636,0.1618,0.1828,0.4995,0.0,0.4222,0.5
943,mismatch,1,1,1,scalars,0.1638,0.1617,0.1636,0.1617,0.1828,0.8608,0.6995,0.3457,0.0136
944,mismatch,1,0,0,scalars,0.164,0.1616,0.1637,0.162,0.1822,0.2762,0.0017,0.0175,0.5
945,mismatch,1,0,0,scalars,0.1639,0.1616,0.1637,0.1619,0.1826,0.3857,0.0,0.2522,0.5
946,mismatch,1,1,1,scalars,0.1638,0.1616,0.1636,0.1617,0.183,0.8795,0.6101,0.5665,0.0004
947,mismatch,1,0,0,scalars,0.1639,0.1618,0.1637,0.1617,0.1824,0.4399,0.1102,0.1375,0.5
948,mismatch,1,0,0,scalars,0.1639,0.1617,0.1637,0.1619,0.1824,0.3546,0.0197,0.1289,0.5
949,mismatch,1,1,1,scalars,0.1638,0.1616,0.1636,0.1618,0.183,0.9005,0.7164,0.6019,0.5
950,mismatch,1,0,0,scalars,0.1639,0.1617,0.1637,0.1618,0.1825,0.3309,0.0013,0.162,0.0005
951,mismatch,1,1,1,scalars,0.1638,0.1617,0.1636,0.1617,0.183,0.9285,0.9674,0.5746,0.0034
952,mismatch,1,0,0,scalars,0.1639,0.1618,0.1637,0.1618,0.1824,0.4024,0.0769,0.1374,0.0023
953,mismatch,1,1,1,scalars,0.1638,0.1616,0.1636,0.1618,0.1829,0.8236,0.493,0.4678,0.5
954,mismatch,1,0,0,scalars,0.1638,0.1617,0.1636,0.1617,0.1828,0.4988,0.0163,0.4128,0.0002
955,mismatch,1,0,0,scalars,0.1639,0.1617,0.1637,0.1617,0.1827,0.4523,0.0199,0.3435,0.0163
956,mismatch,1,0,0,scalars,0.1638,0.1617,0.1637,0.1618,0.1827,0.4357,0.0032,0.3622,0.0009
957,mismatch,1,0,0,scalars,0.1639,0.1617,0.1637,0.1618,0.1824,0.4571,0.1798,0.1192,0.0147
958,mismatch,1,0,0,scalars,0.1639,0.1616,0.1637,0.1619,0.1825,0.3392,0.0,0.1719,0.5
959,mismatch,1,1,1,scalars,0.1639,0.1616,0.1637,0.1618,0.1826,0.8859,0.9663,0.1841,0.5
960,mismatch,1,0,0,scalars,0.1639,0.1618,0.1637,0.1617,0.1825,0.3542,0.0114,0.2011,0.0001
961,mismatch,1,0,0,scalars,0.1639,0.1617,0.1637,0.1619,0.1824,0.3316,0.0042,0.1264,0.0001
962,mismatch,1,0,0,scalars,0.1639,0.1617,0.1637,0.1619,0.1824,0.3222,0.0001,0.131,0.0007
963,mismatch,1,0,0,scalars,0.1639,0.1617,0.1637,0.1619,0.1824,0.3515,0.0139,0.1517,0.0026
964,mismatch,1,0,0,scalars,0.164,0.1617,0.1637,0.1619,0.1824,0.3421,0.0005,0.1759,0.5
965,mismatch,1,1,1,scalars,0.1639,0.1617,0.1637,0.1618,0.1825,0.6626,0.4683,0.1316,0.0005
966,mismatch,1,1,1,scalars,0.1638,0.1616,0.1636,0.1617,0.1829,0.6197,0.0903,0.4968,0.5
967,mismatch,1,0,0,scalars,0.1639,0.1617,0.1637,0.1619,0.1823,0.2878,0.0009,0.0653,0.5
968,mismatch,1,0,0,scalars,0.1639,0.1617,0.1637,0.1618,0.1825,0.3903,0.0169,0.2002,0.0004
969,mismatch,1,0,0,scalars,0.1639,0.1616,0.1637,0.1619,0.1825,0.4789,0.1961,0.1434,0.5
970,mismatch,1,1,1,scalars,0.1639,0.1617,0.1637,0.1618,0.1827,0.8984,0.9992,0.2207,0.0346
971,mismatch,1,0,0,scalars,0.164,0.1617,0.1637,0.1619,0.1823,0.3262,0.0006,0.1049,0.0018
972,mismatch,1,0,0,scalars,0.1639,0.1616,0.1637,0.1619,0.1827,0.4156,0.0001,0.3008,0.0258
973,mismatch,1,0,0,scalars,0.1639,0.1617,0.1636,0.1618,0.1826,0.4666,0.039,0.3256,0.0001
974,mismatch,1,1,1,scalars,0.1639,0.1617,0.1637,0.1617,0.1826,0.6637,0.404,0.1881,0.0063
975,mismatch,1,0,0,scalars,0.164,0.1617,0.1637,0.1619,0.1822,0.3643,0.0872,0.0258,0.5
976,mismatch,1,1,1,scalars,0.1638,0.1615,0.1636,0.1619,0.1828,0.8869,0.9064,0.3392,0.0323
977,mismatch,1,1,1,scalars,0.1638,0.1617,0.1636,0.1617,0.1829,0.6494,0.0112,0.6616,0.5
978,mismatch,1,1,1,scalars,0.1638,0.1616,0.1636,0.1618,0.1829,0.6578,0.1078,0.522,0.5
979,mismatch,1,1,1,scalars,0.1638,0.1617,0.1636,0.1617,0.1828,0.86,0.7231,0.3553,0.5
980,mismatch,1,0,0,scalars,0.164,0.1617,0.1637,0.1619,0.1823,0.4553,0.2399,0.0041,0.0005
981,mismatch,1,0,0,scalars,0.1639,0.1617,0.1637,0.1619,0.1823,0.3177,0.0267,0.0709,0.0419
982,mismatch,1,0,0,scalars,0.1639,0.1618,0.1637,0.1618,0.1823,0.2767,0.0001,0.0199,0.001
983,mismatch,1,1,1,scalars,0.1639,0.1617,0.1637,0.1618,0.1824,0.7736,0.68,0.0424,0.5
984,mismatch,1,0,0,scalars,0.164,0.1617,0.1637,0.1619,0.1823,0.2806,0.0005,0.0293,0.0002
985,mismatch,1,0,0,scalars,0.1639,0.1617,0.1637,0.1618,0.1825,0.3566,0.0049,0.1979,0.0016
986,mismatch,1,1,1,scalars,0.1638,0.1617,0.1637,0.1618,0.1826,0.7088,0.5358,0.1478,0.0053
987,mismatch,1,1,1,scalars,0.1638,0.1616,0.1636,0.1617,0.183,0.9097,0.8475,0.5566,0.0014
988,mismatch,1,1,1,scalars,0.1638,0.1616,0.1636,0.1617,0.183,0.9333,0.9914,0.5956,0.0001
989,mismatch,1,0,0,scalars,0.1639,0.1617,0.1637,0.1618,0.1824,0.4311,0.1674,0.0974,0.0016
990,mismatch,1,0,0,scalars,0.1639,0.1617,0.1637,0.1619,0.1823,0.3481,0.0912,0.035,0.5
991,mismatch,1,1,1,scalars,0.1638,0.1616,0.1636,0.1618,0.1829,0.6373,0.1409,0.4881,0.0003
992,mismatch,1,0,0,scalars,0.1639,0.1617,0.1637,0.1618,0.1826,0.3695,0.0003,0.254,0.5
993,mismatch,1,1,1,scalars,0.1638,0.1615,0.1636,0.1618,0.183,0.6908,0.0001,0.7895,0.0005
994,mismatch,1,1,1,scalars,0.1639,0.1617,0.1637,0.1619,0.1825,0.8712,0.9866,0.0797,0.5
995,mismatch,1,0,0,scalars,0.1639,0.1617,0.1637,0.1618,0.1825,0.355,0.011,0.1889,0.0161
996,mismatch,1,0,0,scalars,0.1639,0.1617,0.1636,0.1618,0.1826,0.4184,0.0008,0.299,0.0054
997,mismatch,1,0,0,scalars,0.1639,0.1617,0.1637,0.1618,0.1825,0.3816,0.0016,0.2328,0.0145
998,mismatch,1,0,0,scalars,0.1639,0.1618,0.1637,0.1618,0.1825,0.3308,0.0007,0.1508,0.5
999,mismatch,1,0,0,scalars,0.1639,0.1616,0.1636,0.1618,0.1827,0.4167,0.0,0.3464,0.5
