sample_idx,label,binary_label,prediction,correct,dominant_token,attn_img,attn_txt,attn_cross,attn_diff,attn_scalars,aitr_prob
0,true,0,0,1,scalars,0.1636,0.1609,0.1636,0.1609,0.185,0.0429
1,miscaptioned,1,0,0,scalars,0.1636,0.1609,0.1636,0.1609,0.1849,0.04
2,out-of-context,1,0,0,scalars,0.1635,0.1609,0.1636,0.1608,0.1852,0.0713
3,true,0,0,1,scalars,0.1636,0.1609,0.1636,0.1609,0.185,0.0435
4,miscaptioned,1,0,0,scalars,0.1636,0.1608,0.1636,0.1609,0.1851,0.0564
5,out-of-context,1,0,0,scalars,0.1635,0.1609,0.1636,0.1608,0.1852,0.0659
6,true,0,0,1,scalars,0.1635,0.1609,0.1636,0.1609,0.1851,0.0521
7,miscaptioned,1,0,0,scalars,0.1636,0.1609,0.1637,0.161,0.1849,0.0385
8,out-of-context,1,0,0,scalars,0.1635,0.1608,0.1636,0.1609,0.1852,0.0643
9,true,0,0,1,scalars,0.1636,0.1609,0.1636,0.1609,0.185,0.0438
10,miscaptioned,1,0,0,scalars,0.1636,0.1609,0.1636,0.1608,0.1851,0.0612
11,out-of-context,1,0,0,scalars,0.1636,0.1609,0.1636,0.1609,0.1851,0.0521
12,true,0,0,1,scalars,0.1636,0.1609,0.1636,0.1609,0.1848,0.0379
13,miscaptioned,1,0,0,scalars,0.1636,0.1609,0.1636,0.1609,0.185,0.0444
14,out-of-context,1,0,0,scalars,0.1636,0.1609,0.1636,0.1609,0.1851,0.0554
15,true,0,0,1,scalars,0.1636,0.1609,0.1636,0.161,0.185,0.0445
16,miscaptioned,1,0,0,scalars,0.1636,0.1609,0.1636,0.161,0.185,0.0422
17,out-of-context,1,0,0,scalars,0.1636,0.1608,0.1636,0.1609,0.1852,0.0672
18,true,0,0,1,scalars,0.1636,0.1609,0.1636,0.1609,0.1849,0.0392
19,miscaptioned,1,0,0,scalars,0.1636,0.1609,0.1636,0.1609,0.185,0.0418
20,out-of-context,1,0,0,scalars,0.1636,0.1608,0.1636,0.1609,0.1851,0.0547
21,true,0,0,1,scalars,0.1636,0.161,0.1636,0.1608,0.1851,0.0488
22,miscaptioned,1,0,0,scalars,0.1636,0.161,0.1636,0.1608,0.1851,0.0505
23,out-of-context,1,1,1,scalars,0.1636,0.1609,0.1635,0.1608,0.1853,0.1114
24,true,0,0,1,scalars,0.1636,0.1609,0.1636,0.1609,0.1851,0.0515
25,miscaptioned,1,0,0,scalars,0.1636,0.1609,0.1636,0.1609,0.1851,0.0554
26,out-of-context,1,0,0,scalars,0.1636,0.1609,0.1636,0.1609,0.1851,0.0525
27,true,0,0,1,scalars,0.1636,0.1609,0.1636,0.1609,0.1849,0.0372
28,miscaptioned,1,0,0,scalars,0.1636,0.1608,0.1636,0.1609,0.1852,0.0602
29,out-of-context,1,0,0,scalars,0.1636,0.1609,0.1636,0.1609,0.1851,0.0534
30,true,0,0,1,scalars,0.1636,0.1609,0.1636,0.1609,0.1851,0.0599
31,miscaptioned,1,0,0,scalars,0.1636,0.1609,0.1636,0.1609,0.1851,0.0516
32,out-of-context,1,1,1,scalars,0.1636,0.1608,0.1635,0.1608,0.1853,0.1161
33,true,0,0,1,scalars,0.1636,0.1608,0.1636,0.161,0.185,0.0425
34,miscaptioned,1,0,0,scalars,0.1636,0.1609,0.1636,0.1609,0.185,0.0431
35,out-of-context,1,0,0,scalars,0.1636,0.1608,0.1636,0.1609,0.1851,0.0628
36,true,0,0,1,scalars,0.1636,0.1609,0.1636,0.1609,0.185,0.0445
37,miscaptioned,1,0,0,scalars,0.1636,0.1609,0.1636,0.1609,0.185,0.0461
38,out-of-context,1,0,0,scalars,0.1636,0.1608,0.1636,0.1609,0.1852,0.0706
39,true,0,0,1,scalars,0.1636,0.1609,0.1636,0.1609,0.1851,0.0545
40,miscaptioned,1,0,0,scalars,0.1636,0.1608,0.1636,0.1609,0.1852,0.0677
41,out-of-context,1,0,0,scalars,0.1636,0.1609,0.1636,0.1608,0.1852,0.0764
42,true,0,0,1,scalars,0.1636,0.1609,0.1637,0.1609,0.1848,0.0363
43,miscaptioned,1,0,0,scalars,0.1635,0.1609,0.1636,0.1608,0.1852,0.0743
44,out-of-context,1,1,1,scalars,0.1636,0.1608,0.1635,0.1609,0.1853,0.1138
45,true,0,0,1,scalars,0.1635,0.1609,0.1636,0.1608,0.1851,0.0524
46,miscaptioned,1,0,0,scalars,0.1635,0.1609,0.1636,0.1608,0.1852,0.0731
47,out-of-context,1,0,0,scalars,0.1635,0.1609,0.1636,0.1608,0.1852,0.0576
48,true,0,0,1,scalars,0.1636,0.1609,0.1636,0.1609,0.185,0.0467
49,miscaptioned,1,0,0,scalars,0.1636,0.1609,0.1636,0.1608,0.1851,0.0541
50,out-of-context,1,0,0,scalars,0.1636,0.1609,0.1636,0.1608,0.1852,0.0712
51,true,0,0,1,scalars,0.1636,0.1608,0.1636,0.1609,0.1851,0.0479
52,miscaptioned,1,0,0,scalars,0.1636,0.1609,0.1636,0.1608,0.185,0.0454
53,out-of-context,1,0,0,scalars,0.1636,0.1608,0.1636,0.1609,0.1852,0.0643
54,true,0,0,1,scalars,0.1636,0.1609,0.1637,0.1609,0.1849,0.0383
55,miscaptioned,1,0,0,scalars,0.1636,0.1609,0.1637,0.1609,0.1849,0.0383
56,out-of-context,1,0,0,scalars,0.1635,0.1609,0.1636,0.1609,0.1851,0.0509
57,true,0,0,1,scalars,0.1636,0.1609,0.1636,0.1609,0.185,0.0414
58,miscaptioned,1,0,0,scalars,0.1636,0.1609,0.1636,0.1609,0.1851,0.0481
59,out-of-context,1,1,1,scalars,0.1636,0.1608,0.1636,0.1609,0.1852,0.106
60,true,0,0,1,scalars,0.1636,0.1609,0.1636,0.1609,0.185,0.0442
61,miscaptioned,1,0,0,scalars,0.1636,0.1609,0.1636,0.1609,0.1851,0.0523
62,out-of-context,1,0,0,scalars,0.1636,0.1609,0.1636,0.1609,0.185,0.0451
63,true,0,0,1,scalars,0.1636,0.1609,0.1636,0.1609,0.185,0.0445
64,miscaptioned,1,0,0,scalars,0.1636,0.1609,0.1636,0.1609,0.185,0.0417
65,out-of-context,1,0,0,scalars,0.1635,0.1609,0.1636,0.1608,0.1851,0.0467
66,true,0,0,1,scalars,0.1636,0.1609,0.1637,0.1609,0.1848,0.0375
67,miscaptioned,1,0,0,scalars,0.1636,0.1608,0.1636,0.1609,0.185,0.0421
68,out-of-context,1,0,0,scalars,0.1635,0.1608,0.1636,0.1609,0.1852,0.0625
69,true,0,0,1,scalars,0.1635,0.1609,0.1636,0.1609,0.1852,0.0616
70,miscaptioned,1,0,0,scalars,0.1635,0.1609,0.1636,0.1608,0.1851,0.0557
71,out-of-context,1,0,0,scalars,0.1635,0.1609,0.1636,0.1609,0.1852,0.062
72,true,0,0,1,scalars,0.1636,0.1609,0.1636,0.1609,0.1849,0.0373
73,miscaptioned,1,0,0,scalars,0.1636,0.161,0.1637,0.1609,0.1848,0.0355
74,out-of-context,1,0,0,scalars,0.1635,0.1609,0.1636,0.1608,0.1852,0.0829
75,true,0,0,1,scalars,0.1636,0.1609,0.1636,0.1609,0.185,0.0448
76,miscaptioned,1,0,0,scalars,0.1636,0.1609,0.1636,0.1608,0.1851,0.0511
77,out-of-context,1,0,0,scalars,0.1635,0.1608,0.1636,0.1609,0.1852,0.0715
78,true,0,0,1,scalars,0.1636,0.1609,0.1636,0.1609,0.1852,0.0656
79,miscaptioned,1,0,0,scalars,0.1636,0.1609,0.1636,0.1609,0.1851,0.0584
80,out-of-context,1,0,0,scalars,0.1636,0.1609,0.1636,0.1609,0.1851,0.0529
81,true,0,0,1,scalars,0.1636,0.1609,0.1636,0.1609,0.1849,0.0382
82,miscaptioned,1,0,0,scalars,0.1636,0.161,0.1636,0.1609,0.1849,0.0365
83,out-of-context,1,0,0,scalars,0.1636,0.1609,0.1636,0.1609,0.185,0.0417
84,true,0,0,1,scalars,0.1636,0.1609,0.1636,0.1609,0.1851,0.0469
85,miscaptioned,1,0,0,scalars,0.1636,0.1609,0.1636,0.1609,0.1851,0.0493
86,out-of-context,1,0,0,scalars,0.1636,0.1609,0.1636,0.1609,0.1851,0.0568
87,true,0,0,1,scalars,0.1636,0.1609,0.1636,0.1609,0.185,0.0434
88,miscaptioned,1,0,0,scalars,0.1636,0.1609,0.1636,0.1608,0.1851,0.0555
89,out-of-context,1,0,0,scalars,0.1636,0.1609,0.1636,0.1609,0.1852,0.0608
90,true,0,0,1,scalars,0.1636,0.1608,0.1636,0.161,0.1851,0.0568
91,miscaptioned,1,0,0,scalars,0.1636,0.1608,0.1636,0.1609,0.1851,0.0574
92,out-of-context,1,0,0,scalars,0.1635,0.1608,0.1636,0.1609,0.1852,0.076
93,true,0,0,1,scalars,0.1636,0.1609,0.1636,0.1608,0.1852,0.0644
94,miscaptioned,1,0,0,scalars,0.1636,0.1609,0.1636,0.1609,0.1852,0.0659
95,out-of-context,1,0,0,scalars,0.1636,0.1609,0.1636,0.1609,0.1851,0.0556
96,true,0,0,1,scalars,0.1636,0.1609,0.1636,0.1609,0.185,0.0439
97,miscaptioned,1,0,0,scalars,0.1636,0.1609,0.1636,0.1609,0.1851,0.0487
98,out-of-context,1,0,0,scalars,0.1636,0.1608,0.1636,0.1609,0.1852,0.0999
99,true,0,0,1,scalars,0.1636,0.1609,0.1637,0.161,0.1848,0.0371
100,miscaptioned,1,0,0,scalars,0.1636,0.1609,0.1637,0.161,0.1848,0.037
101,out-of-context,1,0,0,scalars,0.1636,0.1608,0.1636,0.1609,0.1851,0.0484
102,true,0,0,1,scalars,0.1636,0.1609,0.1636,0.1609,0.185,0.0468
103,miscaptioned,1,0,0,scalars,0.1636,0.1609,0.1636,0.1608,0.1851,0.0557
104,out-of-context,1,0,0,scalars,0.1636,0.1609,0.1636,0.1609,0.1851,0.0469
105,true,0,0,1,scalars,0.1636,0.1609,0.1636,0.1609,0.185,0.0472
106,miscaptioned,1,0,0,scalars,0.1636,0.1609,0.1636,0.1609,0.185,0.0487
107,out-of-context,1,0,0,scalars,0.1635,0.1609,0.1636,0.1608,0.1852,0.0753
108,true,0,0,1,scalars,0.1636,0.1609,0.1636,0.1609,0.1849,0.0411
109,miscaptioned,1,0,0,scalars,0.1636,0.1609,0.1637,0.1609,0.1848,0.0398
110,out-of-context,1,0,0,scalars,0.1635,0.1609,0.1636,0.1609,0.1851,0.0527
111,true,0,0,1,scalars,0.1636,0.161,0.1636,0.1609,0.1849,0.0374
112,miscaptioned,1,0,0,scalars,0.1636,0.1609,0.1636,0.1608,0.1851,0.0465
113,out-of-context,1,0,0,scalars,0.1636,0.1609,0.1636,0.1608,0.185,0.0448
114,true,0,0,1,scalars,0.1636,0.1609,0.1636,0.1609,0.185,0.0433
115,miscaptioned,1,0,0,scalars,0.1636,0.161,0.1636,0.1608,0.185,0.0422
116,out-of-context,1,0,0,scalars,0.1635,0.1609,0.1636,0.1608,0.1852,0.0704
117,true,0,0,1,scalars,0.1636,0.1609,0.1636,0.1609,0.1851,0.048
118,miscaptioned,1,0,0,scalars,0.1636,0.161,0.1636,0.1608,0.185,0.0424
119,out-of-context,1,0,0,scalars,0.1636,0.1609,0.1636,0.1609,0.185,0.0445
120,true,0,0,1,scalars,0.1636,0.1609,0.1636,0.1609,0.185,0.0435
121,miscaptioned,1,0,0,scalars,0.1636,0.1609,0.1636,0.1609,0.185,0.0455
122,out-of-context,1,0,0,scalars,0.1636,0.1609,0.1636,0.1609,0.185,0.0408
123,true,0,0,1,scalars,0.1636,0.1609,0.1636,0.1608,0.1851,0.05
124,miscaptioned,1,0,0,scalars,0.1635,0.1609,0.1636,0.1608,0.1852,0.0805
125,out-of-context,1,0,0,scalars,0.1636,0.1609,0.1636,0.1609,0.185,0.0462
126,true,0,0,1,scalars,0.1636,0.1609,0.1636,0.1609,0.1851,0.0472
127,miscaptioned,1,0,0,scalars,0.1636,0.1609,0.1636,0.1609,0.1849,0.0401
128,out-of-context,1,0,0,scalars,0.1636,0.1608,0.1636,0.1609,0.1851,0.0506
129,true,0,0,1,scalars,0.1636,0.1609,0.1636,0.1608,0.1852,0.066
130,miscaptioned,1,0,0,scalars,0.1636,0.1609,0.1636,0.1608,0.1852,0.0603
131,out-of-context,1,0,0,scalars,0.1636,0.1609,0.1636,0.1608,0.1851,0.0499
132,true,0,0,1,scalars,0.1635,0.1609,0.1636,0.1609,0.1851,0.0523
133,miscaptioned,1,0,0,scalars,0.1635,0.1609,0.1636,0.1608,0.1852,0.0618
134,out-of-context,1,0,0,scalars,0.1635,0.1609,0.1636,0.1608,0.1852,0.0817
135,true,0,0,1,scalars,0.1636,0.1609,0.1636,0.1609,0.1849,0.0405
136,miscaptioned,1,0,0,scalars,0.1636,0.161,0.1636,0.1609,0.1849,0.0385
137,out-of-context,1,0,0,scalars,0.1636,0.1609,0.1636,0.1608,0.1852,0.0669
138,true,0,0,1,scalars,0.1636,0.1609,0.1636,0.1609,0.1849,0.039
139,miscaptioned,1,0,0,scalars,0.1635,0.1609,0.1636,0.1608,0.1852,0.0631
140,out-of-context,1,0,0,scalars,0.1636,0.1609,0.1636,0.1609,0.185,0.0412
141,true,0,0,1,scalars,0.1636,0.1609,0.1636,0.1609,0.1851,0.0501
142,miscaptioned,1,0,0,scalars,0.1636,0.1609,0.1636,0.1609,0.1849,0.0416
143,out-of-context,1,0,0,scalars,0.1636,0.1608,0.1636,0.1609,0.1851,0.0577
144,true,0,0,1,scalars,0.1636,0.1609,0.1636,0.1609,0.185,0.0414
145,miscaptioned,1,0,0,scalars,0.1636,0.1609,0.1636,0.1609,0.185,0.041
146,out-of-context,1,0,0,scalars,0.1635,0.1609,0.1636,0.1608,0.1851,0.0532
147,true,0,0,1,scalars,0.1636,0.1609,0.1636,0.1609,0.185,0.042
148,miscaptioned,1,0,0,scalars,0.1636,0.1609,0.1636,0.1609,0.185,0.042
149,out-of-context,1,0,0,scalars,0.1635,0.1609,0.1636,0.1609,0.1851,0.0546
150,true,0,0,1,scalars,0.1636,0.1609,0.1636,0.1609,0.1851,0.0453
151,miscaptioned,1,0,0,scalars,0.1636,0.1609,0.1636,0.1609,0.1849,0.0392
152,out-of-context,1,0,0,scalars,0.1635,0.1609,0.1636,0.1608,0.1851,0.056
153,true,0,0,1,scalars,0.1635,0.1609,0.1636,0.1608,0.1852,0.0647
154,miscaptioned,1,0,0,scalars,0.1635,0.1609,0.1636,0.1608,0.1852,0.065
155,out-of-context,1,0,0,scalars,0.1635,0.1609,0.1636,0.1608,0.1852,0.0826
156,true,0,0,1,scalars,0.1636,0.1609,0.1637,0.1609,0.1848,0.0387
157,miscaptioned,1,0,0,scalars,0.1636,0.1609,0.1636,0.1609,0.185,0.0434
158,out-of-context,1,0,0,scalars,0.1636,0.1609,0.1636,0.1609,0.1851,0.0494
159,true,0,0,1,scalars,0.1636,0.1609,0.1637,0.1609,0.1848,0.0377
160,miscaptioned,1,0,0,scalars,0.1636,0.1609,0.1636,0.1609,0.185,0.0452
161,out-of-context,1,0,0,scalars,0.1635,0.1609,0.1636,0.1609,0.1852,0.0829
162,true,0,0,1,scalars,0.1636,0.1609,0.1636,0.1609,0.1851,0.0541
163,miscaptioned,1,0,0,scalars,0.1636,0.1609,0.1636,0.1608,0.1851,0.0563
164,out-of-context,1,0,0,scalars,0.1636,0.1609,0.1636,0.1609,0.1852,0.0666
165,true,0,0,1,scalars,0.1636,0.1609,0.1636,0.1608,0.185,0.0428
166,miscaptioned,1,0,0,scalars,0.1635,0.1609,0.1636,0.1608,0.1851,0.0549
167,out-of-context,1,0,0,scalars,0.1636,0.1609,0.1636,0.1608,0.1851,0.0552
168,true,0,0,1,scalars,0.1636,0.161,0.1637,0.1609,0.1848,0.0376
169,miscaptioned,1,0,0,scalars,0.1636,0.1609,0.1636,0.1609,0.185,0.0438
170,out-of-context,1,0,0,scalars,0.1636,0.1609,0.1636,0.1609,0.185,0.0464
171,true,0,0,1,scalars,0.1636,0.1609,0.1636,0.1609,0.185,0.0418
172,miscaptioned,1,0,0,scalars,0.1636,0.1609,0.1637,0.1609,0.1849,0.0394
173,out-of-context,1,0,0,scalars,0.1635,0.1608,0.1636,0.1609,0.1853,0.0992
174,true,0,0,1,scalars,0.1636,0.1609,0.1636,0.1609,0.1851,0.0527
175,miscaptioned,1,0,0,scalars,0.1635,0.1608,0.1636,0.1609,0.1852,0.0946
176,out-of-context,1,0,0,scalars,0.1635,0.1609,0.1636,0.1609,0.1852,0.0627
177,true,0,0,1,scalars,0.1636,0.1608,0.1636,0.161,0.185,0.0438
178,miscaptioned,1,0,0,scalars,0.1635,0.1609,0.1636,0.1608,0.1851,0.0569
179,out-of-context,1,0,0,scalars,0.1635,0.1608,0.1636,0.1609,0.1852,0.0766
180,true,0,0,1,scalars,0.1636,0.1609,0.1636,0.1609,0.185,0.0439
181,miscaptioned,1,0,0,scalars,0.1636,0.1609,0.1636,0.1609,0.185,0.0486
182,out-of-context,1,0,0,scalars,0.1636,0.1609,0.1636,0.1609,0.185,0.0431
183,true,0,0,1,scalars,0.1635,0.1609,0.1636,0.1608,0.1851,0.056
184,miscaptioned,1,0,0,scalars,0.1636,0.1609,0.1637,0.1609,0.1848,0.0381
185,out-of-context,1,0,0,scalars,0.1636,0.1609,0.1636,0.1609,0.1851,0.0585
186,true,0,0,1,scalars,0.1636,0.1609,0.1636,0.1609,0.185,0.0454
187,miscaptioned,1,0,0,scalars,0.1636,0.1609,0.1636,0.1608,0.1851,0.0547
188,out-of-context,1,0,0,scalars,0.1635,0.1609,0.1636,0.1608,0.1852,0.0699
189,true,0,0,1,scalars,0.1636,0.1609,0.1636,0.1609,0.185,0.0427
190,miscaptioned,1,0,0,scalars,0.1636,0.1609,0.1636,0.1609,0.185,0.043
191,out-of-context,1,0,0,scalars,0.1636,0.1609,0.1636,0.1609,0.1851,0.0507
192,true,0,0,1,scalars,0.1636,0.1609,0.1636,0.1609,0.185,0.046
193,miscaptioned,1,0,0,scalars,0.1636,0.1609,0.1636,0.1609,0.1849,0.0394
194,out-of-context,1,0,0,scalars,0.1636,0.1609,0.1636,0.1609,0.1851,0.0562
195,true,0,0,1,scalars,0.1636,0.1609,0.1636,0.1608,0.185,0.0441
196,miscaptioned,1,0,0,scalars,0.1635,0.1609,0.1636,0.1608,0.1851,0.0542
197,out-of-context,1,0,0,scalars,0.1635,0.1609,0.1636,0.1608,0.1852,0.0592
198,true,0,0,1,scalars,0.1635,0.1609,0.1636,0.1609,0.1851,0.0507
199,miscaptioned,1,0,0,scalars,0.1636,0.1609,0.1636,0.1609,0.185,0.0456
200,out-of-context,1,1,1,scalars,0.1635,0.1608,0.1636,0.1608,0.1853,0.1125
201,true,0,0,1,scalars,0.1636,0.1609,0.1636,0.1609,0.185,0.0455
202,miscaptioned,1,0,0,scalars,0.1636,0.1608,0.1636,0.161,0.185,0.0432
203,out-of-context,1,0,0,scalars,0.1636,0.1608,0.1636,0.1609,0.1852,0.0674
204,true,0,0,1,scalars,0.1636,0.1609,0.1636,0.1609,0.1851,0.0472
205,miscaptioned,1,0,0,scalars,0.1635,0.1608,0.1636,0.1609,0.1852,0.0619
206,out-of-context,1,0,0,scalars,0.1635,0.1609,0.1636,0.1609,0.1851,0.0522
207,true,0,0,1,scalars,0.1636,0.1609,0.1636,0.1609,0.185,0.0422
208,miscaptioned,1,0,0,scalars,0.1636,0.161,0.1636,0.1609,0.1849,0.0388
209,out-of-context,1,0,0,scalars,0.1636,0.1609,0.1636,0.1609,0.185,0.045
210,true,0,0,1,scalars,0.1636,0.1609,0.1636,0.1609,0.1851,0.0494
211,miscaptioned,1,0,0,scalars,0.1636,0.1609,0.1636,0.1609,0.1851,0.0488
212,out-of-context,1,0,0,scalars,0.1636,0.1608,0.1636,0.1609,0.1851,0.0557
213,true,0,0,1,scalars,0.1636,0.161,0.1636,0.1608,0.1849,0.0406
214,miscaptioned,1,0,0,scalars,0.1636,0.1609,0.1636,0.1609,0.1851,0.0538
215,out-of-context,1,0,0,scalars,0.1636,0.1609,0.1636,0.1608,0.1852,0.0891
216,true,0,0,1,scalars,0.1636,0.161,0.1636,0.1607,0.1852,0.0614
217,miscaptioned,1,0,0,scalars,0.1636,0.1609,0.1636,0.1608,0.1852,0.0644
218,out-of-context,1,0,0,scalars,0.1636,0.161,0.1636,0.1608,0.185,0.0476
219,true,0,0,1,scalars,0.1636,0.1609,0.1636,0.1609,0.1851,0.0488
220,miscaptioned,1,0,0,scalars,0.1636,0.1609,0.1636,0.1609,0.185,0.0442
221,out-of-context,1,0,0,scalars,0.1635,0.1608,0.1636,0.1609,0.1852,0.0651
222,true,0,0,1,scalars,0.1636,0.1609,0.1636,0.1609,0.185,0.0475
223,miscaptioned,1,0,0,scalars,0.1636,0.1609,0.1636,0.1609,0.1849,0.0403
224,out-of-context,1,0,0,scalars,0.1636,0.1609,0.1636,0.1609,0.1851,0.0535
225,true,0,0,1,scalars,0.1636,0.161,0.1636,0.1609,0.185,0.043
226,miscaptioned,1,0,0,scalars,0.1636,0.1609,0.1636,0.1609,0.1851,0.0604
227,out-of-context,1,0,0,scalars,0.1636,0.1609,0.1636,0.1608,0.1851,0.0594
228,true,0,0,1,scalars,0.1636,0.1609,0.1636,0.161,0.1849,0.0393
229,miscaptioned,1,0,0,scalars,0.1636,0.1608,0.1636,0.1609,0.1851,0.0484
230,out-of-context,1,0,0,scalars,0.1636,0.1609,0.1636,0.1609,0.185,0.048
231,true,0,0,1,scalars,0.1636,0.1609,0.1636,0.1609,0.1851,0.0449
232,miscaptioned,1,0,0,scalars,0.1635,0.1609,0.1636,0.1608,0.1851,0.0495
233,out-of-context,1,0,0,scalars,0.1636,0.1609,0.1636,0.1609,0.1851,0.0556
234,true,0,0,1,scalars,0.1636,0.1609,0.1637,0.1609,0.1849,0.0379
235,miscaptioned,1,0,0,scalars,0.1635,0.1609,0.1636,0.1609,0.185,0.0414
236,out-of-context,1,0,0,scalars,0.1636,0.1609,0.1636,0.1609,0.185,0.0428
237,true,0,0,1,scalars,0.1636,0.1609,0.1636,0.1608,0.185,0.0388
238,miscaptioned,1,0,0,scalars,0.1635,0.1609,0.1636,0.1608,0.1851,0.0459
239,out-of-context,1,0,0,scalars,0.1635,0.1609,0.1636,0.1608,0.1852,0.0558
240,true,0,0,1,scalars,0.1636,0.1609,0.1636,0.1609,0.1848,0.0375
241,miscaptioned,1,0,0,scalars,0.1636,0.1609,0.1636,0.1609,0.1849,0.0392
242,out-of-context,1,0,0,scalars,0.1635,0.1609,0.1636,0.1609,0.1851,0.0555
243,true,0,0,1,scalars,0.1636,0.1609,0.1636,0.1609,0.1851,0.0502
244,miscaptioned,1,0,0,scalars,0.1636,0.1608,0.1636,0.1609,0.1851,0.0583
245,out-of-context,1,0,0,scalars,0.1635,0.1609,0.1636,0.1608,0.1851,0.0472
246,true,0,0,1,scalars,0.1636,0.1609,0.1636,0.1609,0.1851,0.0476
247,miscaptioned,1,0,0,scalars,0.1636,0.1609,0.1636,0.1609,0.1852,0.063
248,out-of-context,1,0,0,scalars,0.1635,0.1609,0.1636,0.1608,0.1852,0.0647
249,true,0,0,1,scalars,0.1635,0.1608,0.1636,0.1609,0.1852,0.0928
250,miscaptioned,1,0,0,scalars,0.1636,0.1609,0.1636,0.1609,0.185,0.0471
251,out-of-context,1,1,1,scalars,0.1636,0.1608,0.1635,0.1609,0.1852,0.1104
252,true,0,0,1,scalars,0.1636,0.1609,0.1636,0.1609,0.185,0.0416
253,miscaptioned,1,0,0,scalars,0.1636,0.1609,0.1636,0.1608,0.1851,0.0475
254,out-of-context,1,0,0,scalars,0.1635,0.1609,0.1636,0.1608,0.1852,0.0708
255,true,0,0,1,scalars,0.1636,0.1608,0.1636,0.1609,0.1851,0.0511
256,miscaptioned,1,0,0,scalars,0.1636,0.1609,0.1636,0.1608,0.185,0.0429
257,out-of-context,1,0,0,scalars,0.1636,0.1608,0.1636,0.1609,0.1851,0.0495
258,true,0,0,1,scalars,0.1636,0.1609,0.1636,0.1608,0.1851,0.0561
259,miscaptioned,1,0,0,scalars,0.1636,0.1609,0.1636,0.1608,0.1851,0.0583
260,out-of-context,1,0,0,scalars,0.1636,0.1609,0.1636,0.1608,0.1852,0.0871
261,true,0,0,1,scalars,0.1636,0.1609,0.1636,0.1609,0.185,0.043
262,miscaptioned,1,0,0,scalars,0.1636,0.1608,0.1636,0.1609,0.1851,0.0583
263,out-of-context,1,0,0,scalars,0.1636,0.1609,0.1636,0.1608,0.1851,0.054
264,true,0,0,1,scalars,0.1636,0.161,0.1636,0.1609,0.1848,0.0411
265,miscaptioned,1,0,0,scalars,0.1636,0.161,0.1636,0.1609,0.1848,0.0407
266,out-of-context,1,1,1,scalars,0.1635,0.1609,0.1636,0.1608,0.1853,0.1211
267,true,0,0,1,scalars,0.1636,0.1609,0.1636,0.1609,0.185,0.0433
268,miscaptioned,1,0,0,scalars,0.1635,0.1609,0.1636,0.1608,0.1851,0.0587
269,out-of-context,1,0,0,scalars,0.1636,0.1608,0.1636,0.1609,0.1851,0.0492
270,true,0,0,1,scalars,0.1636,0.1609,0.1636,0.1608,0.1851,0.0595
271,miscaptioned,1,0,0,scalars,0.1636,0.1609,0.1636,0.1609,0.1849,0.0404
272,out-of-context,1,0,0,scalars,0.1636,0.1609,0.1636,0.1608,0.1852,0.0764
273,true,0,0,1,scalars,0.1636,0.1609,0.1636,0.1609,0.1851,0.0522
274,miscaptioned,1,0,0,scalars,0.1635,0.1609,0.1636,0.1609,0.1851,0.0545
275,out-of-context,1,0,0,scalars,0.1635,0.1609,0.1636,0.1608,0.1852,0.0569
276,true,0,0,1,scalars,0.1636,0.1609,0.1637,0.1609,0.1849,0.0374
277,miscaptioned,1,0,0,scalars,0.1635,0.1609,0.1636,0.1608,0.1851,0.0477
278,out-of-context,1,0,0,scalars,0.1636,0.1608,0.1636,0.1609,0.185,0.0418
279,true,0,0,1,scalars,0.1636,0.1609,0.1636,0.1609,0.1851,0.0493
280,miscaptioned,1,0,0,scalars,0.1636,0.1609,0.1636,0.1609,0.1851,0.0567
281,out-of-context,1,0,0,scalars,0.1636,0.1609,0.1636,0.1609,0.1852,0.0709
282,true,0,0,1,scalars,0.1636,0.1609,0.1636,0.1609,0.1849,0.0385
283,miscaptioned,1,0,0,scalars,0.1636,0.1609,0.1636,0.1609,0.1849,0.0368
284,out-of-context,1,0,0,scalars,0.1635,0.1609,0.1636,0.1609,0.1852,0.076
285,true,0,0,1,scalars,0.1636,0.1609,0.1636,0.1609,0.185,0.0405
286,miscaptioned,1,0,0,scalars,0.1636,0.1609,0.1636,0.1609,0.185,0.0433
287,out-of-context,1,0,0,scalars,0.1635,0.1609,0.1636,0.1608,0.1852,0.0543
288,true,0,0,1,scalars,0.1635,0.1609,0.1636,0.1608,0.1852,0.0524
289,miscaptioned,1,0,0,scalars,0.1635,0.1609,0.1636,0.1608,0.1852,0.0527
290,out-of-context,1,0,0,scalars,0.1636,0.1609,0.1636,0.1608,0.1852,0.0816
291,true,0,0,1,scalars,0.1636,0.1609,0.1636,0.1609,0.185,0.0411
292,miscaptioned,1,0,0,scalars,0.1636,0.1609,0.1636,0.1609,0.1849,0.0393
293,out-of-context,1,0,0,scalars,0.1636,0.1609,0.1636,0.1609,0.1851,0.0506
294,true,0,0,1,scalars,0.1636,0.1609,0.1636,0.1609,0.1851,0.0513
295,miscaptioned,1,0,0,scalars,0.1636,0.1609,0.1636,0.1609,0.1851,0.0619
296,out-of-context,1,0,0,scalars,0.1636,0.1609,0.1636,0.1608,0.1852,0.0918
297,true,0,0,1,scalars,0.1636,0.1609,0.1636,0.1608,0.1852,0.064
298,miscaptioned,1,0,0,scalars,0.1636,0.1609,0.1636,0.1609,0.1851,0.052
299,out-of-context,1,0,0,scalars,0.1635,0.1609,0.1636,0.1608,0.1852,0.0661
300,true,0,0,1,scalars,0.1636,0.1608,0.1636,0.1609,0.185,0.0426
301,miscaptioned,1,0,0,scalars,0.1635,0.1608,0.1636,0.1609,0.1851,0.049
302,out-of-context,1,0,0,scalars,0.1635,0.1608,0.1636,0.1609,0.1852,0.0678
303,true,0,0,1,scalars,0.1636,0.1609,0.1636,0.1609,0.185,0.0423
304,miscaptioned,1,0,0,scalars,0.1635,0.1609,0.1636,0.1609,0.1851,0.0476
305,out-of-context,1,0,0,scalars,0.1636,0.1609,0.1636,0.1609,0.185,0.0448
306,true,0,0,1,scalars,0.1636,0.161,0.1636,0.1608,0.185,0.0438
307,miscaptioned,1,0,0,scalars,0.1636,0.161,0.1636,0.1608,0.185,0.0442
308,out-of-context,1,0,0,scalars,0.1635,0.1609,0.1636,0.1608,0.1853,0.096
309,true,0,0,1,scalars,0.1635,0.1609,0.1636,0.1609,0.1851,0.0441
310,miscaptioned,1,0,0,scalars,0.1635,0.1609,0.1636,0.1608,0.1851,0.0461
311,out-of-context,1,0,0,scalars,0.1636,0.1609,0.1636,0.1609,0.1849,0.0391
312,true,0,0,1,scalars,0.1636,0.1608,0.1636,0.1609,0.1851,0.0459
313,miscaptioned,1,0,0,scalars,0.1636,0.1609,0.1636,0.1609,0.1849,0.039
314,out-of-context,1,0,0,scalars,0.1635,0.1608,0.1636,0.1609,0.1852,0.0754
315,true,0,0,1,scalars,0.1636,0.1609,0.1636,0.1609,0.1851,0.0516
316,miscaptioned,1,0,0,scalars,0.1636,0.1609,0.1636,0.1609,0.1849,0.0387
317,out-of-context,1,0,0,scalars,0.1636,0.1609,0.1636,0.1608,0.1852,0.066
318,true,0,0,1,scalars,0.1636,0.1609,0.1636,0.1609,0.1851,0.0488
319,miscaptioned,1,0,0,scalars,0.1636,0.1609,0.1636,0.1609,0.1851,0.0496
320,out-of-context,1,0,0,scalars,0.1635,0.1608,0.1636,0.1608,0.1852,0.0839
321,true,0,0,1,scalars,0.1636,0.1609,0.1636,0.1609,0.1849,0.0373
322,miscaptioned,1,0,0,scalars,0.1636,0.1609,0.1636,0.1609,0.1848,0.0367
323,out-of-context,1,0,0,scalars,0.1636,0.1609,0.1636,0.1609,0.185,0.043
324,true,0,0,1,scalars,0.1636,0.1609,0.1636,0.1609,0.185,0.0404
325,miscaptioned,1,0,0,scalars,0.1636,0.1609,0.1637,0.1609,0.1849,0.0388
326,out-of-context,1,0,0,scalars,0.1635,0.1608,0.1636,0.1609,0.1852,0.071
327,true,0,0,1,scalars,0.1636,0.1609,0.1636,0.1609,0.1849,0.0396
328,miscaptioned,1,0,0,scalars,0.1636,0.1609,0.1636,0.1609,0.1849,0.0396
329,out-of-context,1,0,0,scalars,0.1636,0.1609,0.1636,0.1609,0.1851,0.0477
330,true,0,0,1,scalars,0.1635,0.1609,0.1636,0.1609,0.1851,0.0497
331,miscaptioned,1,0,0,scalars,0.1635,0.1609,0.1636,0.1609,0.1851,0.048
332,out-of-context,1,0,0,scalars,0.1635,0.1609,0.1636,0.1609,0.1851,0.0498
333,true,0,0,1,scalars,0.1636,0.1609,0.1637,0.161,0.1849,0.0388
334,miscaptioned,1,0,0,scalars,0.1635,0.1609,0.1636,0.1609,0.185,0.0447
335,out-of-context,1,0,0,scalars,0.1635,0.1608,0.1636,0.1609,0.1851,0.0487
336,true,0,0,1,scalars,0.1636,0.1609,0.1636,0.1609,0.1851,0.0453
337,miscaptioned,1,0,0,scalars,0.1635,0.1608,0.1636,0.1609,0.1852,0.0747
338,out-of-context,1,0,0,scalars,0.1635,0.1609,0.1636,0.1609,0.1851,0.0532
339,true,0,0,1,scalars,0.1636,0.1608,0.1636,0.1609,0.1851,0.0511
340,miscaptioned,1,0,0,scalars,0.1636,0.1609,0.1636,0.1609,0.185,0.0467
341,out-of-context,1,0,0,scalars,0.1635,0.1608,0.1636,0.1609,0.1852,0.0663
342,true,0,0,1,scalars,0.1635,0.1609,0.1636,0.1608,0.1852,0.0637
343,miscaptioned,1,0,0,scalars,0.1635,0.1608,0.1636,0.1609,0.1852,0.0771
344,out-of-context,1,1,1,scalars,0.1635,0.1609,0.1636,0.1608,0.1853,0.1106
345,true,0,0,1,scalars,0.1636,0.1608,0.1636,0.1609,0.185,0.0468
346,miscaptioned,1,0,0,scalars,0.1636,0.1609,0.1636,0.1609,0.185,0.043
347,out-of-context,1,0,0,scalars,0.1636,0.1608,0.1636,0.1609,0.1852,0.0866
348,true,0,0,1,scalars,0.1636,0.1608,0.1636,0.1609,0.1851,0.047
349,miscaptioned,1,0,0,scalars,0.1636,0.1609,0.1636,0.1609,0.185,0.045
350,out-of-context,1,0,0,scalars,0.1636,0.1609,0.1636,0.1609,0.185,0.0439
351,true,0,0,1,scalars,0.1636,0.1609,0.1636,0.1609,0.1851,0.0546
352,miscaptioned,1,0,0,scalars,0.1636,0.1609,0.1636,0.1609,0.185,0.0466
353,out-of-context,1,0,0,scalars,0.1636,0.1608,0.1636,0.1609,0.1852,0.0876
354,true,0,0,1,scalars,0.1636,0.1609,0.1637,0.161,0.1848,0.0369
355,miscaptioned,1,0,0,scalars,0.1636,0.1609,0.1636,0.161,0.1849,0.0396
356,out-of-context,1,0,0,scalars,0.1636,0.1609,0.1636,0.1609,0.185,0.0435
357,true,0,0,1,scalars,0.1636,0.1609,0.1636,0.1609,0.185,0.0438
358,miscaptioned,1,0,0,scalars,0.1636,0.161,0.1636,0.1609,0.1848,0.0381
359,out-of-context,1,0,0,scalars,0.1636,0.1609,0.1636,0.1609,0.1851,0.0528
360,true,0,0,1,scalars,0.1636,0.1609,0.1636,0.1609,0.1849,0.0408
361,miscaptioned,1,0,0,scalars,0.1636,0.1609,0.1636,0.1609,0.1849,0.0402
362,out-of-context,1,0,0,scalars,0.1636,0.1609,0.1636,0.1609,0.185,0.0438
363,true,0,0,1,scalars,0.1636,0.1609,0.1636,0.1609,0.1852,0.0597
364,miscaptioned,1,0,0,scalars,0.1636,0.1609,0.1636,0.1609,0.1851,0.0517
365,out-of-context,1,0,0,scalars,0.1635,0.1609,0.1636,0.1608,0.1852,0.0767
366,true,0,0,1,scalars,0.1636,0.1608,0.1636,0.161,0.185,0.0448
367,miscaptioned,1,0,0,scalars,0.1636,0.1609,0.1636,0.1609,0.1851,0.0475
368,out-of-context,1,0,0,scalars,0.1635,0.1608,0.1636,0.1609,0.1852,0.0731
369,true,0,0,1,scalars,0.1636,0.1609,0.1636,0.1609,0.1851,0.0484
370,miscaptioned,1,0,0,scalars,0.1636,0.1609,0.1636,0.1609,0.185,0.0433
371,out-of-context,1,0,0,scalars,0.1635,0.1609,0.1636,0.1609,0.1851,0.0547
372,true,0,0,1,scalars,0.1635,0.1609,0.1636,0.1609,0.1852,0.0626
373,miscaptioned,1,0,0,scalars,0.1636,0.1609,0.1636,0.1609,0.1851,0.0514
374,out-of-context,1,0,0,scalars,0.1636,0.1608,0.1636,0.1609,0.1852,0.0645
375,true,0,0,1,scalars,0.1636,0.1608,0.1636,0.1609,0.185,0.042
376,miscaptioned,1,0,0,scalars,0.1636,0.1609,0.1636,0.1609,0.185,0.0453
377,out-of-context,1,0,0,scalars,0.1635,0.1608,0.1636,0.1609,0.1852,0.0559
378,true,0,0,1,scalars,0.1636,0.1608,0.1636,0.1609,0.185,0.0462
379,miscaptioned,1,0,0,scalars,0.1636,0.1609,0.1636,0.1609,0.185,0.0433
380,out-of-context,1,0,0,scalars,0.1636,0.1608,0.1636,0.1609,0.1852,0.0804
381,true,0,0,1,scalars,0.1636,0.1609,0.1636,0.1609,0.185,0.0446
382,miscaptioned,1,0,0,scalars,0.1635,0.1608,0.1636,0.1609,0.1851,0.0478
383,out-of-context,1,0,0,scalars,0.1635,0.1608,0.1636,0.1609,0.1852,0.091
384,true,0,0,1,scalars,0.1636,0.1608,0.1636,0.1609,0.185,0.0445
385,miscaptioned,1,0,0,scalars,0.1636,0.1608,0.1636,0.1609,0.185,0.0445
386,out-of-context,1,0,0,scalars,0.1636,0.1608,0.1636,0.1609,0.1851,0.0508
387,true,0,0,1,scalars,0.1636,0.1609,0.1636,0.1609,0.185,0.0421
388,miscaptioned,1,0,0,scalars,0.1636,0.1608,0.1636,0.1609,0.1851,0.052
389,out-of-context,1,0,0,scalars,0.1636,0.1608,0.1636,0.1609,0.1852,0.0703
390,true,0,0,1,scalars,0.1636,0.1609,0.1636,0.1609,0.185,0.0466
391,miscaptioned,1,0,0,scalars,0.1636,0.1609,0.1636,0.1609,0.185,0.0467
392,out-of-context,1,0,0,scalars,0.1636,0.1609,0.1636,0.1609,0.1851,0.0585
393,true,0,0,1,scalars,0.1636,0.1609,0.1636,0.1608,0.1851,0.0516
394,miscaptioned,1,0,0,scalars,0.1636,0.1608,0.1636,0.1609,0.1851,0.0503
395,out-of-context,1,0,0,scalars,0.1635,0.1609,0.1636,0.1608,0.1852,0.0814
396,true,0,0,1,scalars,0.1636,0.1609,0.1636,0.1609,0.1851,0.0561
397,miscaptioned,1,0,0,scalars,0.1636,0.1608,0.1636,0.1609,0.1852,0.0664
398,out-of-context,1,0,0,scalars,0.1636,0.1609,0.1636,0.1609,0.1851,0.0597
399,true,0,0,1,scalars,0.1636,0.1609,0.1636,0.1609,0.185,0.0409
400,miscaptioned,1,0,0,scalars,0.1636,0.1608,0.1636,0.1609,0.1851,0.0456
401,out-of-context,1,0,0,scalars,0.1635,0.1608,0.1636,0.1609,0.1852,0.0722
402,true,0,0,1,scalars,0.1635,0.1609,0.1636,0.1609,0.1851,0.0516
403,miscaptioned,1,0,0,scalars,0.1635,0.1609,0.1636,0.1608,0.1851,0.0528
404,out-of-context,1,0,0,scalars,0.1635,0.1609,0.1636,0.1608,0.1852,0.0739
405,true,0,0,1,scalars,0.1636,0.1609,0.1636,0.1609,0.1851,0.0493
406,miscaptioned,1,0,0,scalars,0.1636,0.1609,0.1636,0.1608,0.1851,0.054
407,out-of-context,1,0,0,scalars,0.1635,0.1608,0.1636,0.1609,0.1852,0.0847
408,true,0,0,1,scalars,0.1636,0.1609,0.1636,0.1608,0.1852,0.0686
409,miscaptioned,1,0,0,scalars,0.1636,0.1609,0.1636,0.1609,0.1851,0.0528
410,out-of-context,1,0,0,scalars,0.1635,0.1609,0.1636,0.1608,0.1852,0.071
411,true,0,0,1,scalars,0.1635,0.1608,0.1636,0.1609,0.1851,0.0539
412,miscaptioned,1,0,0,scalars,0.1636,0.1609,0.1636,0.1609,0.1851,0.0465
413,out-of-context,1,0,0,scalars,0.1635,0.1608,0.1636,0.1609,0.1852,0.0683
414,true,0,0,1,scalars,0.1636,0.1609,0.1636,0.1609,0.185,0.0466
415,miscaptioned,1,0,0,scalars,0.1636,0.161,0.1636,0.1608,0.185,0.0432
416,out-of-context,1,1,1,scalars,0.1635,0.1609,0.1636,0.1608,0.1853,0.1162
417,true,0,0,1,scalars,0.1636,0.1609,0.1636,0.1609,0.185,0.0444
418,miscaptioned,1,0,0,scalars,0.1636,0.1609,0.1636,0.1609,0.1849,0.0393
419,out-of-context,1,1,1,scalars,0.1635,0.1608,0.1636,0.1609,0.1852,0.1013
420,true,0,0,1,scalars,0.1636,0.1608,0.1636,0.1609,0.1851,0.0507
421,miscaptioned,1,0,0,scalars,0.1636,0.1609,0.1636,0.1609,0.185,0.0438
422,out-of-context,1,0,0,scalars,0.1636,0.1608,0.1636,0.1609,0.1851,0.0515
423,true,0,0,1,scalars,0.1636,0.1609,0.1636,0.1609,0.1849,0.0419
424,miscaptioned,1,0,0,scalars,0.1636,0.1609,0.1636,0.1609,0.1849,0.0422
425,out-of-context,1,0,0,scalars,0.1636,0.1609,0.1636,0.1609,0.185,0.0455
426,true,0,0,1,scalars,0.1636,0.1609,0.1636,0.1609,0.185,0.0411
427,miscaptioned,1,0,0,scalars,0.1636,0.161,0.1636,0.1609,0.1849,0.0383
428,out-of-context,1,0,0,scalars,0.1635,0.1609,0.1636,0.1608,0.1852,0.0702
429,true,0,0,1,scalars,0.1636,0.1609,0.1636,0.1609,0.185,0.0456
430,miscaptioned,1,0,0,scalars,0.1636,0.1609,0.1636,0.1609,0.185,0.0441
431,out-of-context,1,0,0,scalars,0.1635,0.1608,0.1636,0.1609,0.1852,0.0753
432,true,0,0,1,scalars,0.1636,0.1609,0.1636,0.1609,0.185,0.0438
433,miscaptioned,1,0,0,scalars,0.1635,0.1609,0.1636,0.1609,0.1852,0.0628
434,out-of-context,1,0,0,scalars,0.1635,0.1608,0.1636,0.1609,0.1852,0.0603
435,true,0,0,1,scalars,0.1636,0.1609,0.1636,0.1608,0.1851,0.0481
436,miscaptioned,1,0,0,scalars,0.1636,0.1609,0.1636,0.1608,0.1851,0.0459
437,out-of-context,1,0,0,scalars,0.1636,0.1609,0.1636,0.1608,0.1852,0.0648
438,true,0,0,1,scalars,0.1636,0.1609,0.1636,0.1609,0.1849,0.0418
439,miscaptioned,1,0,0,scalars,0.1635,0.1609,0.1636,0.1609,0.1851,0.0583
440,out-of-context,1,0,0,scalars,0.1636,0.1608,0.1636,0.1609,0.1852,0.0735
441,true,0,0,1,scalars,0.1636,0.1609,0.1636,0.1609,0.1851,0.0479
442,miscaptioned,1,0,0,scalars,0.1635,0.1609,0.1636,0.1609,0.1851,0.0502
443,out-of-context,1,0,0,scalars,0.1636,0.1609,0.1636,0.1609,0.185,0.0405
444,true,0,0,1,scalars,0.1636,0.1609,0.1636,0.1609,0.1851,0.0502
445,miscaptioned,1,0,0,scalars,0.1635,0.1609,0.1636,0.1608,0.1851,0.0537
446,out-of-context,1,0,0,scalars,0.1636,0.1609,0.1636,0.1609,0.1851,0.0478
447,true,0,0,1,scalars,0.1635,0.1609,0.1636,0.1609,0.1852,0.059
448,miscaptioned,1,0,0,scalars,0.1635,0.1609,0.1636,0.1609,0.1851,0.0515
449,out-of-context,1,0,0,scalars,0.1635,0.1608,0.1636,0.1609,0.1852,0.0703
450,true,0,0,1,scalars,0.1636,0.1609,0.1636,0.1609,0.185,0.0401
451,miscaptioned,1,0,0,scalars,0.1636,0.1609,0.1637,0.161,0.1848,0.0359
452,out-of-context,1,1,1,scalars,0.1635,0.1608,0.1636,0.1608,0.1853,0.1039
453,true,0,0,1,scalars,0.1636,0.1609,0.1636,0.1609,0.1849,0.0387
454,miscaptioned,1,0,0,scalars,0.1635,0.1609,0.1636,0.1609,0.1851,0.05
455,out-of-context,1,0,0,scalars,0.1636,0.1609,0.1636,0.1609,0.1851,0.0493
456,true,0,0,1,scalars,0.1636,0.1609,0.1636,0.1609,0.185,0.0433
457,miscaptioned,1,0,0,scalars,0.1636,0.161,0.1636,0.1609,0.1849,0.0397
458,out-of-context,1,0,0,scalars,0.1635,0.1608,0.1636,0.1609,0.1852,0.0739
459,true,0,0,1,scalars,0.1636,0.1609,0.1636,0.1609,0.1849,0.0387
460,miscaptioned,1,0,0,scalars,0.1636,0.1609,0.1636,0.161,0.185,0.0422
461,out-of-context,1,0,0,scalars,0.1636,0.1609,0.1636,0.1609,0.1851,0.0487
462,true,0,0,1,scalars,0.1636,0.1609,0.1636,0.1609,0.1849,0.0393
463,miscaptioned,1,0,0,scalars,0.1636,0.1608,0.1636,0.1609,0.1852,0.0752
464,out-of-context,1,1,1,scalars,0.1635,0.1609,0.1636,0.1608,0.1853,0.1044
465,true,0,0,1,scalars,0.1635,0.1608,0.1636,0.1609,0.1851,0.0504
466,miscaptioned,1,0,0,scalars,0.1635,0.1609,0.1636,0.1609,0.1851,0.0477
467,out-of-context,1,0,0,scalars,0.1635,0.1608,0.1636,0.1609,0.1853,0.0942
468,true,0,0,1,scalars,0.1636,0.1609,0.1636,0.1609,0.185,0.0457
469,miscaptioned,1,0,0,scalars,0.1636,0.1609,0.1636,0.1609,0.185,0.0431
470,out-of-context,1,0,0,scalars,0.1635,0.1609,0.1636,0.1608,0.1852,0.063
471,true,0,0,1,scalars,0.1636,0.1609,0.1636,0.1609,0.1851,0.0554
472,miscaptioned,1,0,0,scalars,0.1636,0.1609,0.1636,0.1608,0.1852,0.0628
473,out-of-context,1,0,0,scalars,0.1636,0.1609,0.1636,0.1609,0.1852,0.0573
474,true,0,0,1,scalars,0.1636,0.1608,0.1636,0.161,0.185,0.0484
475,miscaptioned,1,0,0,scalars,0.1636,0.1609,0.1636,0.1609,0.1849,0.0421
476,out-of-context,1,0,0,scalars,0.1635,0.1608,0.1636,0.1609,0.1852,0.0843
477,true,0,0,1,scalars,0.1635,0.1608,0.1636,0.1609,0.1852,0.0813
478,miscaptioned,1,0,0,scalars,0.1636,0.161,0.1636,0.1608,0.1851,0.0572
479,out-of-context,1,1,1,scalars,0.1635,0.1608,0.1636,0.1608,0.1853,0.1158
480,true,0,0,1,scalars,0.1636,0.1609,0.1636,0.1609,0.1849,0.0407
481,miscaptioned,1,0,0,scalars,0.1636,0.1609,0.1636,0.1609,0.1851,0.0568
482,out-of-context,1,0,0,scalars,0.1635,0.1609,0.1636,0.1608,0.1852,0.0902
483,true,0,0,1,scalars,0.1635,0.1609,0.1636,0.1608,0.1852,0.0666
484,miscaptioned,1,0,0,scalars,0.1635,0.1609,0.1636,0.1608,0.1851,0.0538
485,out-of-context,1,0,0,scalars,0.1636,0.1609,0.1636,0.1609,0.1851,0.0489
486,true,0,0,1,scalars,0.1636,0.1609,0.1636,0.1609,0.1851,0.0562
487,miscaptioned,1,0,0,scalars,0.1636,0.1609,0.1636,0.1609,0.1851,0.0524
488,out-of-context,1,0,0,scalars,0.1635,0.1609,0.1636,0.1608,0.1852,0.0635
489,true,0,0,1,scalars,0.1636,0.1609,0.1636,0.1609,0.1849,0.0374
490,miscaptioned,1,0,0,scalars,0.1636,0.161,0.1636,0.1608,0.185,0.0433
491,true,0,0,1,scalars,0.1635,0.1609,0.1636,0.1608,0.1852,0.0654
492,miscaptioned,1,0,0,scalars,0.1635,0.1609,0.1636,0.1608,0.1851,0.0467
493,out-of-context,1,1,1,scalars,0.1635,0.1608,0.1636,0.1609,0.1853,0.1044
494,true,0,0,1,scalars,0.1636,0.1609,0.1637,0.161,0.1849,0.0396
495,miscaptioned,1,0,0,scalars,0.1636,0.1608,0.1636,0.1609,0.1851,0.0523
496,out-of-context,1,0,0,scalars,0.1636,0.1609,0.1636,0.161,0.1849,0.041
497,true,0,0,1,scalars,0.1636,0.1609,0.1636,0.1609,0.1851,0.0491
498,miscaptioned,1,0,0,scalars,0.1635,0.1609,0.1636,0.1608,0.1852,0.0644
499,out-of-context,1,0,0,scalars,0.1636,0.1609,0.1636,0.1609,0.185,0.0407
500,true,0,0,1,scalars,0.1636,0.161,0.1636,0.1609,0.1849,0.0398
501,miscaptioned,1,0,0,scalars,0.1636,0.161,0.1636,0.1609,0.1849,0.0387
502,out-of-context,1,0,0,scalars,0.1635,0.1609,0.1636,0.1608,0.1852,0.0666
503,true,0,0,1,scalars,0.1636,0.1609,0.1636,0.1608,0.185,0.0437
504,miscaptioned,1,0,0,scalars,0.1636,0.1609,0.1636,0.1609,0.1849,0.0377
505,out-of-context,1,0,0,scalars,0.1636,0.1609,0.1636,0.1608,0.1851,0.0504
506,true,0,0,1,scalars,0.1636,0.1609,0.1636,0.1609,0.185,0.042
507,miscaptioned,1,0,0,scalars,0.1636,0.1609,0.1636,0.1609,0.1851,0.0476
508,out-of-context,1,0,0,scalars,0.1636,0.1609,0.1636,0.1609,0.185,0.0417
509,true,0,0,1,scalars,0.1635,0.1609,0.1636,0.1609,0.185,0.0413
510,miscaptioned,1,0,0,scalars,0.1635,0.1609,0.1636,0.1609,0.185,0.041
511,out-of-context,1,0,0,scalars,0.1636,0.1609,0.1636,0.1609,0.185,0.0406
512,true,0,0,1,scalars,0.1636,0.1609,0.1636,0.1609,0.1851,0.0532
513,miscaptioned,1,0,0,scalars,0.1636,0.1609,0.1636,0.1609,0.185,0.045
514,out-of-context,1,0,0,scalars,0.1635,0.1608,0.1636,0.1609,0.1852,0.0907
515,true,0,0,1,scalars,0.1636,0.1609,0.1636,0.1609,0.185,0.0441
516,miscaptioned,1,0,0,scalars,0.1636,0.1609,0.1636,0.1609,0.1849,0.0393
517,out-of-context,1,0,0,scalars,0.1636,0.1609,0.1636,0.1608,0.1851,0.0576
518,true,0,0,1,scalars,0.1636,0.1609,0.1636,0.1609,0.185,0.0421
519,miscaptioned,1,0,0,scalars,0.1636,0.1609,0.1636,0.1609,0.1849,0.0411
520,out-of-context,1,0,0,scalars,0.1636,0.1609,0.1636,0.1608,0.1852,0.0857
521,true,0,0,1,scalars,0.1636,0.1609,0.1636,0.1609,0.1849,0.0422
522,miscaptioned,1,0,0,scalars,0.1636,0.1608,0.1636,0.161,0.185,0.0475
523,out-of-context,1,0,0,scalars,0.1636,0.1609,0.1636,0.1609,0.1851,0.0485
524,true,0,0,1,scalars,0.1635,0.1608,0.1636,0.1609,0.1852,0.0649
525,miscaptioned,1,0,0,scalars,0.1636,0.1609,0.1636,0.1609,0.1851,0.0522
526,out-of-context,1,1,1,scalars,0.1635,0.1608,0.1636,0.1609,0.1852,0.1011
527,true,0,0,1,scalars,0.1636,0.1609,0.1636,0.161,0.1849,0.0391
528,miscaptioned,1,0,0,scalars,0.1636,0.1609,0.1637,0.1609,0.1848,0.0371
529,out-of-context,1,0,0,scalars,0.1635,0.1608,0.1636,0.1609,0.1851,0.0522
530,true,0,0,1,scalars,0.1636,0.1609,0.1636,0.1609,0.185,0.0452
531,miscaptioned,1,0,0,scalars,0.1636,0.1609,0.1636,0.1609,0.1851,0.0489
532,out-of-context,1,0,0,scalars,0.1636,0.1608,0.1636,0.1609,0.1852,0.0701
533,true,0,0,1,scalars,0.1636,0.1609,0.1636,0.1609,0.1851,0.0514
534,miscaptioned,1,0,0,scalars,0.1636,0.1609,0.1636,0.1609,0.1851,0.0503
535,true,0,0,1,scalars,0.1635,0.1609,0.1636,0.1609,0.185,0.0435
536,miscaptioned,1,0,0,scalars,0.1635,0.1609,0.1636,0.1609,0.185,0.0441
537,out-of-context,1,0,0,scalars,0.1636,0.1609,0.1636,0.1609,0.1851,0.0517
538,true,0,0,1,scalars,0.1636,0.1609,0.1636,0.1609,0.185,0.0415
539,miscaptioned,1,0,0,scalars,0.1636,0.1609,0.1636,0.1609,0.185,0.0425
540,out-of-context,1,0,0,scalars,0.1635,0.1609,0.1636,0.1608,0.1853,0.0923
541,true,0,0,1,scalars,0.1636,0.1608,0.1636,0.1609,0.185,0.047
542,miscaptioned,1,0,0,scalars,0.1636,0.1609,0.1636,0.1609,0.185,0.043
543,out-of-context,1,0,0,scalars,0.1635,0.1608,0.1636,0.1609,0.1852,0.0593
544,true,0,0,1,scalars,0.1636,0.1609,0.1636,0.1609,0.1849,0.0402
545,miscaptioned,1,0,0,scalars,0.1635,0.1609,0.1636,0.1609,0.1851,0.0535
546,out-of-context,1,0,0,scalars,0.1635,0.1608,0.1636,0.1609,0.1852,0.0783
547,true,0,0,1,scalars,0.1635,0.1608,0.1636,0.1609,0.1852,0.0585
548,miscaptioned,1,0,0,scalars,0.1636,0.1609,0.1636,0.1609,0.1849,0.0394
549,out-of-context,1,0,0,scalars,0.1635,0.1609,0.1636,0.1609,0.1852,0.0621
550,true,0,0,1,scalars,0.1635,0.1609,0.1636,0.1609,0.185,0.043
551,miscaptioned,1,0,0,scalars,0.1636,0.161,0.1636,0.1608,0.185,0.0398
552,out-of-context,1,0,0,scalars,0.1635,0.1609,0.1636,0.1609,0.1851,0.0482
553,true,0,0,1,scalars,0.1636,0.1609,0.1636,0.1609,0.185,0.043
554,miscaptioned,1,0,0,scalars,0.1636,0.1609,0.1636,0.1608,0.1852,0.0778
555,out-of-context,1,0,0,scalars,0.1636,0.1609,0.1636,0.1609,0.1851,0.0529
556,true,0,0,1,scalars,0.1636,0.1609,0.1636,0.1609,0.1851,0.0485
557,miscaptioned,1,0,0,scalars,0.1635,0.1609,0.1636,0.1609,0.1852,0.0679
558,out-of-context,1,0,0,scalars,0.1635,0.1609,0.1636,0.1609,0.1852,0.0631
559,true,0,0,1,scalars,0.1635,0.1609,0.1636,0.1609,0.1851,0.0451
560,miscaptioned,1,0,0,scalars,0.1635,0.1608,0.1636,0.1609,0.1852,0.0609
561,out-of-context,1,0,0,scalars,0.1636,0.1609,0.1636,0.1609,0.1851,0.0518
562,true,0,0,1,scalars,0.1636,0.1609,0.1636,0.1609,0.185,0.0486
563,miscaptioned,1,0,0,scalars,0.1636,0.1609,0.1636,0.1609,0.185,0.0425
564,out-of-context,1,0,0,scalars,0.1636,0.1609,0.1636,0.1609,0.1852,0.0688
565,true,0,0,1,scalars,0.1636,0.1608,0.1636,0.1609,0.185,0.0457
566,miscaptioned,1,0,0,scalars,0.1636,0.1608,0.1636,0.161,0.185,0.0463
567,out-of-context,1,0,0,scalars,0.1636,0.1608,0.1636,0.1609,0.1852,0.0672
568,true,0,0,1,scalars,0.1636,0.1609,0.1636,0.1609,0.1849,0.0389
569,miscaptioned,1,0,0,scalars,0.1636,0.1609,0.1636,0.1609,0.185,0.0419
570,out-of-context,1,0,0,scalars,0.1635,0.1608,0.1636,0.1609,0.1852,0.0566
571,true,0,0,1,scalars,0.1636,0.1609,0.1636,0.1609,0.185,0.0433
572,miscaptioned,1,0,0,scalars,0.1636,0.161,0.1636,0.1609,0.1849,0.04
573,out-of-context,1,0,0,scalars,0.1635,0.1609,0.1636,0.1608,0.1852,0.09
574,true,0,0,1,scalars,0.1636,0.1609,0.1636,0.1609,0.185,0.0447
575,miscaptioned,1,0,0,scalars,0.1636,0.1609,0.1636,0.1609,0.185,0.0432
576,out-of-context,1,0,0,scalars,0.1635,0.1609,0.1636,0.1608,0.1852,0.0879
577,true,0,0,1,scalars,0.1636,0.1609,0.1636,0.1609,0.1849,0.0412
578,miscaptioned,1,0,0,scalars,0.1636,0.1609,0.1636,0.1609,0.185,0.0447
579,true,0,0,1,scalars,0.1636,0.1609,0.1636,0.1609,0.1851,0.05
580,miscaptioned,1,0,0,scalars,0.1636,0.1609,0.1636,0.1609,0.185,0.0485
581,out-of-context,1,0,0,scalars,0.1635,0.1609,0.1636,0.1608,0.1852,0.084
582,true,0,0,1,scalars,0.1636,0.1608,0.1636,0.1609,0.185,0.0478
583,miscaptioned,1,0,0,scalars,0.1636,0.1608,0.1636,0.1609,0.185,0.0483
584,out-of-context,1,0,0,scalars,0.1636,0.1608,0.1636,0.1609,0.1852,0.0655
585,true,0,0,1,scalars,0.1636,0.1609,0.1636,0.1609,0.185,0.0434
586,miscaptioned,1,0,0,scalars,0.1636,0.1609,0.1636,0.1608,0.1851,0.0623
587,out-of-context,1,0,0,scalars,0.1636,0.1609,0.1636,0.1609,0.1851,0.0541
588,true,0,0,1,scalars,0.1636,0.1609,0.1636,0.1609,0.1851,0.0498
589,miscaptioned,1,0,0,scalars,0.1636,0.1609,0.1636,0.1609,0.185,0.0453
590,out-of-context,1,0,0,scalars,0.1635,0.1609,0.1636,0.1608,0.1852,0.0806
591,true,0,0,1,scalars,0.1636,0.1609,0.1636,0.1609,0.185,0.0453
592,miscaptioned,1,0,0,scalars,0.1636,0.1608,0.1636,0.1609,0.1851,0.0491
593,out-of-context,1,0,0,scalars,0.1636,0.1608,0.1636,0.1609,0.1852,0.0693
594,true,0,0,1,scalars,0.1635,0.1608,0.1636,0.161,0.185,0.0408
595,miscaptioned,1,0,0,scalars,0.1636,0.1609,0.1637,0.1609,0.185,0.0398
596,out-of-context,1,0,0,scalars,0.1635,0.1608,0.1636,0.1609,0.1853,0.0967
597,true,0,0,1,scalars,0.1636,0.1609,0.1636,0.1609,0.1851,0.0533
598,miscaptioned,1,0,0,scalars,0.1636,0.1609,0.1636,0.1609,0.185,0.043
599,out-of-context,1,0,0,scalars,0.1636,0.1608,0.1636,0.1609,0.1852,0.0839
600,true,0,0,1,scalars,0.1636,0.1608,0.1636,0.161,0.185,0.047
601,miscaptioned,1,0,0,scalars,0.1636,0.1609,0.1636,0.1609,0.1849,0.0406
602,out-of-context,1,0,0,scalars,0.1636,0.1607,0.1636,0.161,0.1852,0.0717
603,true,0,0,1,scalars,0.1636,0.1609,0.1636,0.1609,0.185,0.0492
604,miscaptioned,1,0,0,scalars,0.1636,0.1609,0.1636,0.1609,0.1851,0.0566
605,out-of-context,1,0,0,scalars,0.1636,0.1609,0.1636,0.1609,0.1851,0.0482
606,true,0,0,1,scalars,0.1635,0.1608,0.1636,0.1609,0.1851,0.053
607,miscaptioned,1,0,0,scalars,0.1636,0.1609,0.1636,0.1609,0.185,0.0453
608,out-of-context,1,0,0,scalars,0.1635,0.1608,0.1636,0.1609,0.1852,0.0626
609,true,0,0,1,scalars,0.1635,0.1608,0.1636,0.1609,0.1852,0.0593
610,miscaptioned,1,0,0,scalars,0.1635,0.1608,0.1636,0.1609,0.185,0.0433
611,out-of-context,1,0,0,scalars,0.1636,0.1608,0.1636,0.1609,0.1851,0.0494
612,true,0,0,1,scalars,0.1636,0.1609,0.1636,0.1609,0.185,0.0489
613,miscaptioned,1,0,0,scalars,0.1636,0.1609,0.1636,0.1608,0.1852,0.087
614,out-of-context,1,0,0,scalars,0.1636,0.1609,0.1636,0.1609,0.1851,0.0558
615,true,0,0,1,scalars,0.1636,0.1609,0.1636,0.1609,0.185,0.0409
616,miscaptioned,1,0,0,scalars,0.1636,0.1609,0.1637,0.1609,0.1849,0.039
617,out-of-context,1,0,0,scalars,0.1635,0.1608,0.1636,0.1609,0.1852,0.0715
618,true,0,0,1,scalars,0.1636,0.1609,0.1636,0.1609,0.185,0.0442
619,miscaptioned,1,0,0,scalars,0.1636,0.1609,0.1636,0.1609,0.185,0.0446
620,out-of-context,1,0,0,scalars,0.1636,0.1609,0.1636,0.1608,0.1851,0.0544
621,true,0,0,1,scalars,0.1635,0.1609,0.1636,0.1608,0.1852,0.0553
622,miscaptioned,1,0,0,scalars,0.1635,0.1608,0.1636,0.1609,0.1851,0.0476
623,out-of-context,1,0,0,scalars,0.1635,0.1609,0.1636,0.1608,0.1851,0.0548
624,true,0,0,1,scalars,0.1635,0.1608,0.1637,0.1609,0.185,0.0401
625,miscaptioned,1,0,0,scalars,0.1635,0.1609,0.1637,0.1609,0.1849,0.0372
626,out-of-context,1,0,0,scalars,0.1635,0.1608,0.1636,0.1609,0.1852,0.0652
627,true,0,0,1,scalars,0.1636,0.161,0.1636,0.1609,0.1849,0.0399
628,miscaptioned,1,0,0,scalars,0.1636,0.1609,0.1637,0.1609,0.1848,0.0368
629,out-of-context,1,1,1,scalars,0.1635,0.1609,0.1636,0.1608,0.1853,0.1246
630,true,0,0,1,scalars,0.1635,0.1609,0.1636,0.1608,0.1852,0.0626
631,miscaptioned,1,0,0,scalars,0.1635,0.1609,0.1636,0.1609,0.1851,0.0595
632,out-of-context,1,0,0,scalars,0.1636,0.1609,0.1636,0.1609,0.1851,0.0571
633,true,0,0,1,scalars,0.1636,0.1609,0.1636,0.1609,0.1851,0.0463
634,miscaptioned,1,0,0,scalars,0.1636,0.1609,0.1636,0.1609,0.1851,0.0489
635,true,0,0,1,scalars,0.1636,0.1608,0.1636,0.1609,0.1851,0.0471
636,miscaptioned,1,0,0,scalars,0.1635,0.1609,0.1636,0.1609,0.1852,0.0626
637,out-of-context,1,0,0,scalars,0.1636,0.1608,0.1636,0.1609,0.1851,0.0533
638,true,0,0,1,scalars,0.1636,0.1609,0.1636,0.1609,0.185,0.048
639,miscaptioned,1,0,0,scalars,0.1636,0.1609,0.1636,0.1608,0.1851,0.0598
640,out-of-context,1,0,0,scalars,0.1635,0.1609,0.1636,0.1608,0.1852,0.0821
641,true,0,0,1,scalars,0.1636,0.1609,0.1637,0.1609,0.1849,0.0372
642,miscaptioned,1,0,0,scalars,0.1636,0.1609,0.1636,0.1609,0.1849,0.0391
643,out-of-context,1,0,0,scalars,0.1636,0.1609,0.1636,0.1609,0.1851,0.052
644,true,0,0,1,scalars,0.1636,0.1609,0.1636,0.1609,0.185,0.0439
645,miscaptioned,1,0,0,scalars,0.1636,0.1609,0.1636,0.1609,0.1849,0.0404
646,out-of-context,1,0,0,scalars,0.1635,0.1609,0.1636,0.1609,0.1852,0.0598
647,true,0,0,1,scalars,0.1636,0.1608,0.1636,0.1609,0.1851,0.0512
648,miscaptioned,1,0,0,scalars,0.1636,0.1609,0.1636,0.1609,0.185,0.0446
649,out-of-context,1,0,0,scalars,0.1635,0.1608,0.1636,0.1609,0.1852,0.0621
650,true,0,0,1,scalars,0.1636,0.1609,0.1636,0.1609,0.185,0.0417
651,miscaptioned,1,0,0,scalars,0.1636,0.161,0.1636,0.1608,0.185,0.0402
652,true,0,0,1,scalars,0.1636,0.1609,0.1636,0.1608,0.1851,0.0497
653,miscaptioned,1,0,0,scalars,0.1636,0.161,0.1636,0.1608,0.185,0.0439
654,out-of-context,1,0,0,scalars,0.1635,0.1609,0.1636,0.1608,0.1852,0.0767
655,true,0,0,1,scalars,0.1636,0.1609,0.1636,0.1609,0.185,0.0427
656,miscaptioned,1,0,0,scalars,0.1636,0.1609,0.1636,0.1609,0.185,0.0423
657,out-of-context,1,0,0,scalars,0.1635,0.1608,0.1636,0.1609,0.1852,0.0663
658,true,0,0,1,scalars,0.1636,0.1609,0.1636,0.1609,0.185,0.0448
659,miscaptioned,1,0,0,scalars,0.1636,0.1609,0.1636,0.1609,0.185,0.0445
660,out-of-context,1,0,0,scalars,0.1636,0.1609,0.1636,0.1609,0.1851,0.0555
661,true,0,0,1,scalars,0.1636,0.1609,0.1636,0.1608,0.1851,0.0511
662,miscaptioned,1,0,0,scalars,0.1636,0.1609,0.1636,0.1609,0.1851,0.0538
663,out-of-context,1,0,0,scalars,0.1636,0.1609,0.1636,0.1608,0.1852,0.0711
664,true,0,0,1,scalars,0.1636,0.1609,0.1636,0.1609,0.185,0.0484
665,miscaptioned,1,0,0,scalars,0.1636,0.1609,0.1636,0.1609,0.1851,0.0562
666,out-of-context,1,0,0,scalars,0.1635,0.1609,0.1636,0.1609,0.1852,0.0591
667,true,0,0,1,scalars,0.1636,0.1609,0.1636,0.1609,0.1851,0.0532
668,miscaptioned,1,0,0,scalars,0.1636,0.1609,0.1636,0.1609,0.1851,0.0485
669,out-of-context,1,0,0,scalars,0.1635,0.1609,0.1636,0.1608,0.1852,0.0807
670,true,0,0,1,scalars,0.1636,0.1608,0.1636,0.161,0.185,0.0454
671,miscaptioned,1,0,0,scalars,0.1636,0.1608,0.1636,0.1609,0.1851,0.0484
672,out-of-context,1,0,0,scalars,0.1636,0.1608,0.1636,0.161,0.1851,0.0578
673,true,0,0,1,scalars,0.1636,0.161,0.1636,0.1609,0.185,0.0445
674,miscaptioned,1,0,0,scalars,0.1636,0.1609,0.1636,0.1609,0.185,0.049
675,out-of-context,1,0,0,scalars,0.1636,0.1609,0.1636,0.1608,0.1851,0.0652
676,true,0,0,1,scalars,0.1636,0.1609,0.1636,0.1609,0.185,0.0446
677,miscaptioned,1,0,0,scalars,0.1636,0.1609,0.1637,0.161,0.1848,0.0373
678,true,0,0,1,scalars,0.1636,0.1609,0.1636,0.1609,0.1849,0.0387
679,miscaptioned,1,0,0,scalars,0.1636,0.1609,0.1636,0.1608,0.1851,0.0553
680,true,0,0,1,scalars,0.1635,0.1609,0.1636,0.1609,0.185,0.0434
681,miscaptioned,1,0,0,scalars,0.1635,0.1609,0.1637,0.1609,0.185,0.0432
682,out-of-context,1,0,0,scalars,0.1635,0.1609,0.1636,0.1608,0.1852,0.0778
683,true,0,0,1,scalars,0.1636,0.1609,0.1636,0.1609,0.1851,0.0504
684,miscaptioned,1,0,0,scalars,0.1636,0.1609,0.1636,0.1609,0.1851,0.0483
685,out-of-context,1,0,0,scalars,0.1636,0.1608,0.1636,0.1609,0.1851,0.0601
686,true,0,0,1,scalars,0.1635,0.1609,0.1636,0.1609,0.1851,0.0438
687,miscaptioned,1,0,0,scalars,0.1635,0.161,0.1636,0.1608,0.1851,0.0446
688,out-of-context,1,0,0,scalars,0.1636,0.1608,0.1636,0.1609,0.1852,0.083
689,true,0,0,1,scalars,0.1636,0.1609,0.1636,0.1609,0.1852,0.0642
690,miscaptioned,1,0,0,scalars,0.1636,0.1609,0.1636,0.1608,0.1852,0.0629
691,out-of-context,1,0,0,scalars,0.1636,0.1609,0.1636,0.1609,0.1851,0.0535
692,true,0,0,1,scalars,0.1636,0.1609,0.1637,0.1609,0.1849,0.04
693,miscaptioned,1,0,0,scalars,0.1635,0.1609,0.1636,0.1609,0.185,0.0441
694,out-of-context,1,0,0,scalars,0.1635,0.1609,0.1636,0.1609,0.1851,0.0511
695,true,0,0,1,scalars,0.1636,0.1609,0.1636,0.1609,0.1849,0.0399
696,miscaptioned,1,0,0,scalars,0.1636,0.1609,0.1636,0.1609,0.185,0.046
697,out-of-context,1,0,0,scalars,0.1636,0.1609,0.1636,0.1609,0.185,0.0428
698,true,0,0,1,scalars,0.1636,0.161,0.1637,0.1609,0.1849,0.0386
699,miscaptioned,1,0,0,scalars,0.1635,0.1609,0.1636,0.1608,0.1852,0.075
700,out-of-context,1,0,0,scalars,0.1635,0.1609,0.1636,0.1608,0.1851,0.0544
701,true,0,0,1,scalars,0.1636,0.1609,0.1636,0.161,0.1849,0.0393
702,miscaptioned,1,0,0,scalars,0.1636,0.1609,0.1636,0.1609,0.185,0.0423
703,out-of-context,1,0,0,scalars,0.1636,0.1608,0.1636,0.1609,0.1851,0.0518
704,true,0,0,1,scalars,0.1636,0.161,0.1636,0.1609,0.1849,0.0396
705,miscaptioned,1,0,0,scalars,0.1636,0.1609,0.1636,0.1609,0.185,0.046
706,out-of-context,1,0,0,scalars,0.1636,0.1609,0.1636,0.1609,0.185,0.0408
707,true,0,0,1,scalars,0.1636,0.1609,0.1636,0.1609,0.1851,0.0538
708,miscaptioned,1,0,0,scalars,0.1636,0.1609,0.1636,0.1609,0.1851,0.0503
709,out-of-context,1,0,0,scalars,0.1636,0.1609,0.1636,0.1609,0.1851,0.0472
710,true,0,0,1,scalars,0.1636,0.1609,0.1636,0.1609,0.1851,0.0491
711,miscaptioned,1,0,0,scalars,0.1636,0.1609,0.1636,0.1608,0.1851,0.0542
712,out-of-context,1,0,0,scalars,0.1636,0.1609,0.1636,0.1609,0.1852,0.0742
713,true,0,0,1,scalars,0.1635,0.1608,0.1636,0.1609,0.1851,0.0507
714,miscaptioned,1,0,0,scalars,0.1635,0.1609,0.1636,0.1609,0.1851,0.05
715,out-of-context,1,0,0,scalars,0.1635,0.1608,0.1636,0.1609,0.1852,0.0655
716,true,0,0,1,scalars,0.1636,0.1609,0.1636,0.1609,0.185,0.0483
717,miscaptioned,1,0,0,scalars,0.1636,0.1609,0.1636,0.1608,0.1851,0.0609
718,out-of-context,1,0,0,scalars,0.1636,0.1609,0.1636,0.1608,0.1851,0.0556
719,true,0,0,1,scalars,0.1636,0.1609,0.1636,0.1609,0.185,0.041
720,miscaptioned,1,0,0,scalars,0.1636,0.1608,0.1636,0.1609,0.1852,0.0615
721,out-of-context,1,0,0,scalars,0.1636,0.1609,0.1636,0.1608,0.1851,0.0559
722,true,0,0,1,scalars,0.1636,0.1609,0.1636,0.1609,0.185,0.0457
723,miscaptioned,1,0,0,scalars,0.1636,0.1609,0.1636,0.1609,0.1849,0.0403
724,out-of-context,1,0,0,scalars,0.1636,0.1609,0.1636,0.1609,0.1849,0.0399
725,true,0,0,1,scalars,0.1636,0.1609,0.1636,0.1609,0.1851,0.0593
726,miscaptioned,1,0,0,scalars,0.1636,0.1608,0.1636,0.1609,0.1852,0.0655
727,out-of-context,1,0,0,scalars,0.1636,0.1609,0.1636,0.1609,0.1852,0.0623
728,true,0,0,1,scalars,0.1636,0.1609,0.1636,0.1608,0.1851,0.0502
729,miscaptioned,1,0,0,scalars,0.1636,0.1609,0.1636,0.1608,0.1851,0.0487
730,out-of-context,1,0,0,scalars,0.1636,0.1609,0.1636,0.1608,0.1851,0.0477
731,true,0,0,1,scalars,0.1636,0.1609,0.1636,0.1609,0.185,0.0437
732,miscaptioned,1,0,0,scalars,0.1636,0.1609,0.1636,0.1609,0.185,0.0433
733,out-of-context,1,0,0,scalars,0.1636,0.1608,0.1636,0.1609,0.1851,0.0582
734,true,0,0,1,scalars,0.1636,0.1609,0.1636,0.1609,0.185,0.0413
735,miscaptioned,1,0,0,scalars,0.1636,0.1608,0.1636,0.161,0.1849,0.039
736,out-of-context,1,0,0,scalars,0.1636,0.1609,0.1636,0.1609,0.185,0.0422
737,true,0,0,1,scalars,0.1635,0.1609,0.1636,0.1609,0.1851,0.058
738,miscaptioned,1,0,0,scalars,0.1635,0.1608,0.1636,0.1609,0.1851,0.0557
739,true,0,0,1,scalars,0.1636,0.1609,0.1636,0.1609,0.185,0.0458
740,miscaptioned,1,0,0,scalars,0.1636,0.1609,0.1636,0.1609,0.185,0.0421
741,out-of-context,1,0,0,scalars,0.1636,0.1609,0.1636,0.1609,0.1852,0.0609
742,true,0,0,1,scalars,0.1636,0.1609,0.1636,0.1609,0.185,0.0475
743,miscaptioned,1,0,0,scalars,0.1636,0.1609,0.1636,0.1609,0.1851,0.0508
744,out-of-context,1,0,0,scalars,0.1636,0.1609,0.1636,0.1609,0.1851,0.047
745,true,0,0,1,scalars,0.1636,0.1609,0.1637,0.161,0.1848,0.0363
746,miscaptioned,1,0,0,scalars,0.1636,0.1608,0.1637,0.161,0.1849,0.0384
747,out-of-context,1,0,0,scalars,0.1636,0.1608,0.1636,0.161,0.185,0.043
748,true,0,0,1,scalars,0.1635,0.1608,0.1636,0.1609,0.1851,0.0445
749,miscaptioned,1,0,0,scalars,0.1635,0.1608,0.1636,0.1609,0.185,0.0432
750,out-of-context,1,0,0,scalars,0.1635,0.1608,0.1636,0.1609,0.1852,0.0931
751,true,0,0,1,scalars,0.1636,0.1609,0.1636,0.1609,0.1849,0.0388
752,miscaptioned,1,0,0,scalars,0.1636,0.1609,0.1636,0.1609,0.185,0.0424
753,out-of-context,1,0,0,scalars,0.1636,0.1609,0.1636,0.1609,0.1849,0.0408
754,true,0,0,1,scalars,0.1635,0.1608,0.1636,0.1609,0.1851,0.0493
755,miscaptioned,1,0,0,scalars,0.1635,0.1608,0.1636,0.1609,0.1851,0.0531
756,out-of-context,1,0,0,scalars,0.1635,0.1608,0.1636,0.1609,0.1852,0.0715
757,true,0,0,1,scalars,0.1636,0.1609,0.1636,0.1609,0.185,0.0444
758,miscaptioned,1,0,0,scalars,0.1636,0.1609,0.1636,0.1609,0.185,0.0448
759,out-of-context,1,1,1,scalars,0.1635,0.1609,0.1636,0.1608,0.1853,0.1006
760,true,0,0,1,scalars,0.1636,0.1609,0.1636,0.1609,0.1851,0.0572
761,miscaptioned,1,0,0,scalars,0.1636,0.1609,0.1636,0.1608,0.1851,0.0511
762,out-of-context,1,0,0,scalars,0.1636,0.1609,0.1636,0.1609,0.1852,0.0739
763,true,0,0,1,scalars,0.1636,0.161,0.1636,0.1609,0.1848,0.038
764,miscaptioned,1,0,0,scalars,0.1636,0.161,0.1636,0.1609,0.1849,0.0395
765,out-of-context,1,0,0,scalars,0.1635,0.1609,0.1636,0.1608,0.1851,0.0514
766,true,0,0,1,scalars,0.1636,0.1609,0.1636,0.1609,0.1851,0.0495
767,miscaptioned,1,0,0,scalars,0.1636,0.1609,0.1636,0.1608,0.185,0.0459
768,out-of-context,1,0,0,scalars,0.1636,0.1609,0.1636,0.1609,0.1852,0.0641
769,true,0,0,1,scalars,0.1636,0.1609,0.1637,0.1609,0.1848,0.0367
770,miscaptioned,1,0,0,scalars,0.1636,0.161,0.1636,0.1609,0.1849,0.0381
771,out-of-context,1,0,0,scalars,0.1636,0.1609,0.1636,0.1609,0.1851,0.0615
772,true,0,0,1,scalars,0.1636,0.1609,0.1636,0.1609,0.1851,0.0624
773,miscaptioned,1,0,0,scalars,0.1636,0.1609,0.1636,0.1609,0.1851,0.0635
774,out-of-context,1,0,0,scalars,0.1635,0.1609,0.1636,0.1608,0.1852,0.0816
775,true,0,0,1,scalars,0.1636,0.1609,0.1636,0.1609,0.1851,0.0634
776,miscaptioned,1,0,0,scalars,0.1636,0.1609,0.1636,0.1609,0.1851,0.0613
777,out-of-context,1,0,0,scalars,0.1636,0.1609,0.1636,0.1608,0.1851,0.0524
778,true,0,0,1,scalars,0.1636,0.1609,0.1636,0.1609,0.185,0.0425
779,miscaptioned,1,0,0,scalars,0.1636,0.1609,0.1636,0.1609,0.185,0.046
780,out-of-context,1,0,0,scalars,0.1636,0.1609,0.1636,0.1609,0.185,0.045
781,true,0,0,1,scalars,0.1635,0.1609,0.1636,0.1608,0.1852,0.0768
782,miscaptioned,1,0,0,scalars,0.1635,0.1609,0.1636,0.1608,0.1852,0.0758
783,out-of-context,1,0,0,scalars,0.1636,0.1609,0.1636,0.1608,0.1852,0.0769
784,true,0,0,1,scalars,0.1636,0.1608,0.1636,0.1609,0.1851,0.0478
785,miscaptioned,1,0,0,scalars,0.1635,0.1609,0.1636,0.1608,0.1852,0.0588
786,out-of-context,1,0,0,scalars,0.1636,0.1608,0.1636,0.1609,0.1851,0.0535
787,true,0,0,1,scalars,0.1636,0.1609,0.1636,0.1609,0.1851,0.0469
788,miscaptioned,1,0,0,scalars,0.1636,0.1609,0.1636,0.1608,0.1851,0.049
789,out-of-context,1,0,0,scalars,0.1636,0.1609,0.1636,0.1608,0.1852,0.0649
790,true,0,0,1,scalars,0.1636,0.1609,0.1636,0.1609,0.185,0.0473
791,miscaptioned,1,0,0,scalars,0.1636,0.1609,0.1636,0.1609,0.1852,0.0736
792,out-of-context,1,0,0,scalars,0.1636,0.1609,0.1636,0.1609,0.1852,0.0595
793,true,0,0,1,scalars,0.1636,0.1609,0.1636,0.1609,0.185,0.0464
794,miscaptioned,1,0,0,scalars,0.1636,0.1609,0.1636,0.1609,0.185,0.0475
795,out-of-context,1,0,0,scalars,0.1636,0.1609,0.1636,0.1609,0.1851,0.056
796,true,0,0,1,scalars,0.1636,0.1608,0.1636,0.161,0.185,0.0416
797,miscaptioned,1,0,0,scalars,0.1636,0.1608,0.1636,0.161,0.185,0.0442
798,true,0,0,1,scalars,0.1636,0.1609,0.1636,0.1609,0.185,0.0446
799,miscaptioned,1,0,0,scalars,0.1636,0.1609,0.1636,0.1609,0.1851,0.0472
800,out-of-context,1,0,0,scalars,0.1635,0.1608,0.1636,0.1609,0.1851,0.0545
801,true,0,0,1,scalars,0.1636,0.1609,0.1636,0.1609,0.1851,0.0529
802,miscaptioned,1,0,0,scalars,0.1636,0.1609,0.1636,0.1609,0.1851,0.0494
803,out-of-context,1,0,0,scalars,0.1636,0.1609,0.1636,0.1609,0.185,0.0447
804,true,0,0,1,scalars,0.1636,0.1609,0.1636,0.1608,0.1851,0.053
805,miscaptioned,1,0,0,scalars,0.1635,0.1609,0.1636,0.1609,0.1851,0.0579
806,out-of-context,1,1,1,scalars,0.1635,0.1609,0.1636,0.1608,0.1853,0.1035
807,true,0,0,1,scalars,0.1636,0.1609,0.1636,0.1609,0.1851,0.0506
808,miscaptioned,1,0,0,scalars,0.1636,0.1609,0.1635,0.1609,0.1852,0.0812
809,out-of-context,1,0,0,scalars,0.1635,0.1609,0.1636,0.1608,0.1852,0.0656
810,true,0,0,1,scalars,0.1636,0.1609,0.1636,0.1609,0.185,0.0418
811,miscaptioned,1,0,0,scalars,0.1636,0.161,0.1636,0.1609,0.1849,0.0398
812,out-of-context,1,0,0,scalars,0.1636,0.1609,0.1636,0.1608,0.185,0.0447
813,true,0,0,1,scalars,0.1636,0.1609,0.1636,0.1609,0.185,0.0468
814,miscaptioned,1,0,0,scalars,0.1636,0.1609,0.1636,0.1609,0.1851,0.0475
815,out-of-context,1,0,0,scalars,0.1636,0.161,0.1636,0.1608,0.185,0.0417
816,true,0,0,1,scalars,0.1636,0.1609,0.1637,0.161,0.1848,0.0361
817,miscaptioned,1,0,0,scalars,0.1635,0.1609,0.1636,0.1609,0.1851,0.0534
818,out-of-context,1,0,0,scalars,0.1635,0.1608,0.1636,0.1609,0.1852,0.0906
819,true,0,0,1,scalars,0.1636,0.1609,0.1636,0.1609,0.185,0.0459
820,miscaptioned,1,0,0,scalars,0.1636,0.1609,0.1636,0.1609,0.185,0.0439
821,out-of-context,1,0,0,scalars,0.1636,0.1609,0.1636,0.1609,0.1851,0.0567
822,true,0,0,1,scalars,0.1636,0.1609,0.1636,0.1608,0.185,0.0456
823,miscaptioned,1,0,0,scalars,0.1636,0.1609,0.1636,0.1608,0.185,0.0447
824,out-of-context,1,0,0,scalars,0.1636,0.1609,0.1636,0.1609,0.185,0.046
825,true,0,0,1,scalars,0.1636,0.1609,0.1636,0.1608,0.185,0.0441
826,miscaptioned,1,0,0,scalars,0.1636,0.1609,0.1636,0.1609,0.1851,0.047
827,out-of-context,1,0,0,scalars,0.1636,0.1609,0.1636,0.1609,0.185,0.0458
828,true,0,0,1,scalars,0.1636,0.1609,0.1636,0.1609,0.185,0.0446
829,miscaptioned,1,0,0,scalars,0.1636,0.1609,0.1636,0.1609,0.1851,0.0495
830,out-of-context,1,0,0,scalars,0.1635,0.1609,0.1636,0.1608,0.1852,0.0846
831,true,0,0,1,scalars,0.1636,0.1609,0.1636,0.1609,0.1849,0.0405
832,miscaptioned,1,0,0,scalars,0.1636,0.1609,0.1636,0.161,0.1849,0.0386
833,out-of-context,1,0,0,scalars,0.1636,0.1609,0.1636,0.1609,0.185,0.0461
834,true,0,0,1,scalars,0.1636,0.1609,0.1636,0.1608,0.185,0.0455
835,miscaptioned,1,0,0,scalars,0.1636,0.1609,0.1636,0.1609,0.185,0.0464
836,out-of-context,1,0,0,scalars,0.1635,0.1609,0.1636,0.1608,0.1852,0.0601
837,true,0,0,1,scalars,0.1636,0.161,0.1636,0.1608,0.185,0.0456
838,miscaptioned,1,0,0,scalars,0.1636,0.161,0.1636,0.1608,0.1849,0.042
839,out-of-context,1,0,0,scalars,0.1636,0.1609,0.1636,0.1608,0.1851,0.0529
840,true,0,0,1,scalars,0.1636,0.1609,0.1636,0.1609,0.1851,0.0526
841,miscaptioned,1,0,0,scalars,0.1636,0.1609,0.1636,0.1609,0.1851,0.049
842,out-of-context,1,0,0,scalars,0.1636,0.1609,0.1636,0.1609,0.1851,0.0489
843,true,0,0,1,scalars,0.1636,0.1609,0.1636,0.1609,0.185,0.0423
844,miscaptioned,1,0,0,scalars,0.1636,0.1609,0.1636,0.1609,0.1851,0.0501
845,out-of-context,1,0,0,scalars,0.1636,0.1609,0.1636,0.1608,0.1851,0.0636
846,true,0,0,1,scalars,0.1636,0.161,0.1636,0.1609,0.1849,0.04
847,miscaptioned,1,0,0,scalars,0.1635,0.1609,0.1636,0.1608,0.1852,0.0627
848,out-of-context,1,0,0,scalars,0.1636,0.1609,0.1636,0.1608,0.1852,0.0679
849,true,0,0,1,scalars,0.1636,0.1609,0.1636,0.1609,0.185,0.0443
850,miscaptioned,1,0,0,scalars,0.1636,0.161,0.1636,0.1608,0.185,0.0427
851,out-of-context,1,0,0,scalars,0.1636,0.1609,0.1636,0.1609,0.1851,0.0492
852,true,0,0,1,scalars,0.1636,0.1609,0.1636,0.1609,0.185,0.0428
853,miscaptioned,1,0,0,scalars,0.1635,0.1609,0.1636,0.1609,0.1851,0.0546
854,out-of-context,1,0,0,scalars,0.1635,0.1608,0.1636,0.1609,0.1852,0.0718
855,true,0,0,1,scalars,0.1636,0.1609,0.1636,0.1609,0.185,0.0434
856,miscaptioned,1,0,0,scalars,0.1636,0.1609,0.1636,0.1608,0.1851,0.0497
857,out-of-context,1,0,0,scalars,0.1636,0.1609,0.1636,0.1609,0.1851,0.0454
858,true,0,0,1,scalars,0.1636,0.1609,0.1637,0.161,0.1848,0.0365
859,miscaptioned,1,0,0,scalars,0.1636,0.1609,0.1637,0.161,0.1849,0.0372
860,true,0,0,1,scalars,0.1636,0.1609,0.1636,0.1609,0.185,0.0426
861,miscaptioned,1,0,0,scalars,0.1636,0.1609,0.1636,0.1608,0.1852,0.0638
862,out-of-context,1,0,0,scalars,0.1636,0.1609,0.1636,0.1608,0.1852,0.0604
863,true,0,0,1,scalars,0.1636,0.1608,0.1636,0.1609,0.1851,0.054
864,miscaptioned,1,0,0,scalars,0.1636,0.1609,0.1636,0.1609,0.1849,0.0408
865,out-of-context,1,0,0,scalars,0.1636,0.1608,0.1636,0.1609,0.1851,0.0597
866,true,0,0,1,scalars,0.1636,0.1609,0.1636,0.161,0.1849,0.0375
867,miscaptioned,1,0,0,scalars,0.1636,0.1609,0.1636,0.1609,0.1849,0.0385
868,out-of-context,1,0,0,scalars,0.1635,0.1608,0.1636,0.1609,0.1851,0.0554
869,true,0,0,1,scalars,0.1636,0.1609,0.1636,0.1609,0.185,0.0442
870,miscaptioned,1,0,0,scalars,0.1636,0.1609,0.1636,0.1609,0.185,0.0422
871,out-of-context,1,0,0,scalars,0.1636,0.1609,0.1636,0.1609,0.1851,0.0483
872,true,0,0,1,scalars,0.1636,0.1609,0.1636,0.1609,0.185,0.0425
873,miscaptioned,1,0,0,scalars,0.1636,0.161,0.1636,0.1609,0.1849,0.0408
874,out-of-context,1,0,0,scalars,0.1636,0.1609,0.1636,0.1608,0.1851,0.049
875,true,0,0,1,scalars,0.1635,0.1609,0.1636,0.1608,0.185,0.0439
876,miscaptioned,1,0,0,scalars,0.1635,0.1608,0.1636,0.1608,0.1852,0.0773
877,out-of-context,1,0,0,scalars,0.1636,0.1609,0.1636,0.1609,0.1851,0.0575
878,true,0,0,1,scalars,0.1636,0.1609,0.1636,0.1609,0.185,0.0429
879,miscaptioned,1,0,0,scalars,0.1635,0.1608,0.1636,0.1609,0.1852,0.0665
880,out-of-context,1,0,0,scalars,0.1636,0.1608,0.1636,0.1609,0.1851,0.0627
881,true,0,0,1,scalars,0.1636,0.1609,0.1636,0.1609,0.1852,0.0677
882,miscaptioned,1,0,0,scalars,0.1636,0.1609,0.1636,0.1609,0.1851,0.0479
883,out-of-context,1,0,0,scalars,0.1635,0.1609,0.1636,0.1608,0.1852,0.0779
884,true,0,0,1,scalars,0.1636,0.161,0.1636,0.1608,0.185,0.0483
885,miscaptioned,1,0,0,scalars,0.1636,0.1609,0.1636,0.1608,0.1851,0.0533
886,out-of-context,1,0,0,scalars,0.1636,0.1609,0.1636,0.1608,0.1851,0.0617
887,true,0,0,1,scalars,0.1636,0.1609,0.1636,0.1609,0.185,0.0439
888,miscaptioned,1,0,0,scalars,0.1636,0.1609,0.1636,0.1609,0.1851,0.0467
889,out-of-context,1,0,0,scalars,0.1636,0.1609,0.1636,0.1609,0.185,0.0414
890,true,0,0,1,scalars,0.1636,0.1609,0.1636,0.1609,0.185,0.0447
891,miscaptioned,1,0,0,scalars,0.1636,0.1609,0.1636,0.1609,0.1852,0.0624
892,out-of-context,1,0,0,scalars,0.1636,0.1609,0.1636,0.1608,0.1852,0.0701
893,true,0,0,1,scalars,0.1636,0.161,0.1636,0.1609,0.185,0.0397
894,miscaptioned,1,0,0,scalars,0.1636,0.1609,0.1636,0.1609,0.1851,0.0486
895,out-of-context,1,0,0,scalars,0.1636,0.1609,0.1636,0.1608,0.1851,0.048
896,true,0,0,1,scalars,0.1636,0.1609,0.1636,0.1609,0.1851,0.0499
897,miscaptioned,1,0,0,scalars,0.1636,0.161,0.1636,0.1608,0.185,0.044
898,out-of-context,1,0,0,scalars,0.1635,0.1609,0.1636,0.1608,0.1852,0.0962
899,true,0,0,1,scalars,0.1636,0.1609,0.1636,0.1609,0.185,0.0404
900,miscaptioned,1,0,0,scalars,0.1636,0.1609,0.1636,0.1608,0.1852,0.059
901,out-of-context,1,0,0,scalars,0.1636,0.1609,0.1636,0.1609,0.1851,0.0494
902,true,0,0,1,scalars,0.1636,0.1609,0.1636,0.1609,0.185,0.0438
903,miscaptioned,1,0,0,scalars,0.1636,0.1609,0.1636,0.1609,0.185,0.0409
904,out-of-context,1,0,0,scalars,0.1636,0.1609,0.1636,0.1609,0.1852,0.0608
905,true,0,0,1,scalars,0.1635,0.1608,0.1636,0.1609,0.1852,0.0658
906,miscaptioned,1,0,0,scalars,0.1635,0.1609,0.1636,0.1609,0.1851,0.0499
907,out-of-context,1,0,0,scalars,0.1635,0.1608,0.1636,0.1609,0.1852,0.0789
908,true,0,0,1,scalars,0.1636,0.1609,0.1636,0.1609,0.1851,0.0534
909,miscaptioned,1,0,0,scalars,0.1636,0.1609,0.1636,0.1609,0.1851,0.0539
910,out-of-context,1,0,0,scalars,0.1636,0.1609,0.1636,0.1609,0.1851,0.0577
911,true,0,0,1,scalars,0.1635,0.1609,0.1636,0.1608,0.1851,0.0555
912,miscaptioned,1,0,0,scalars,0.1635,0.1609,0.1636,0.1608,0.1851,0.0535
913,out-of-context,1,0,0,scalars,0.1635,0.1609,0.1636,0.1608,0.1852,0.0659
914,true,0,0,1,scalars,0.1636,0.1609,0.1636,0.1609,0.185,0.0458
915,miscaptioned,1,0,0,scalars,0.1636,0.1609,0.1636,0.1609,0.185,0.0457
916,out-of-context,1,0,0,scalars,0.1635,0.1609,0.1636,0.1608,0.1851,0.0583
917,true,0,0,1,scalars,0.1636,0.1609,0.1636,0.1609,0.185,0.0433
918,miscaptioned,1,0,0,scalars,0.1636,0.1609,0.1636,0.1609,0.185,0.0442
919,out-of-context,1,0,0,scalars,0.1636,0.1609,0.1636,0.1608,0.1851,0.0545
920,true,0,0,1,scalars,0.1635,0.1608,0.1636,0.1609,0.1851,0.0533
921,miscaptioned,1,0,0,scalars,0.1635,0.1609,0.1636,0.1608,0.1852,0.0781
922,out-of-context,1,1,1,scalars,0.1635,0.1608,0.1636,0.1608,0.1853,0.1311
923,true,0,0,1,scalars,0.1636,0.1609,0.1636,0.1609,0.185,0.0467
924,miscaptioned,1,0,0,scalars,0.1635,0.1609,0.1636,0.1609,0.1851,0.0571
925,out-of-context,1,0,0,scalars,0.1635,0.1609,0.1636,0.1608,0.1851,0.0535
926,true,0,0,1,scalars,0.1635,0.1609,0.1637,0.1609,0.185,0.042
927,miscaptioned,1,1,1,scalars,0.1635,0.1609,0.1636,0.1608,0.1853,0.1155
928,out-of-context,1,0,0,scalars,0.1635,0.1609,0.1636,0.1609,0.1852,0.0569
929,true,0,0,1,scalars,0.1636,0.1609,0.1636,0.1609,0.1849,0.0417
930,miscaptioned,1,0,0,scalars,0.1636,0.161,0.1636,0.1609,0.1849,0.0424
931,out-of-context,1,0,0,scalars,0.1635,0.1609,0.1636,0.1608,0.1852,0.0685
932,true,0,0,1,scalars,0.1636,0.1609,0.1637,0.161,0.1848,0.0373
933,miscaptioned,1,0,0,scalars,0.1636,0.1609,0.1636,0.161,0.1849,0.0384
934,true,0,0,1,scalars,0.1635,0.1609,0.1636,0.1609,0.1851,0.0515
935,miscaptioned,1,0,0,scalars,0.1635,0.1608,0.1636,0.1609,0.1851,0.0534
936,out-of-context,1,0,0,scalars,0.1635,0.1608,0.1636,0.1609,0.1852,0.0703
937,true,0,0,1,scalars,0.1636,0.1609,0.1636,0.1609,0.1851,0.0466
938,miscaptioned,1,0,0,scalars,0.1636,0.1609,0.1636,0.1609,0.1851,0.0517
939,out-of-context,1,0,0,scalars,0.1636,0.1609,0.1636,0.1609,0.185,0.0449
940,true,0,0,1,scalars,0.1636,0.1609,0.1636,0.1609,0.185,0.0417
941,miscaptioned,1,0,0,scalars,0.1636,0.161,0.1636,0.1609,0.185,0.0415
942,out-of-context,1,0,0,scalars,0.1636,0.1609,0.1636,0.1609,0.1851,0.0581
943,true,0,0,1,scalars,0.1636,0.1608,0.1636,0.161,0.185,0.0447
944,miscaptioned,1,0,0,scalars,0.1636,0.1608,0.1636,0.1609,0.1851,0.062
945,out-of-context,1,1,1,scalars,0.1635,0.1608,0.1636,0.1609,0.1853,0.1038
946,true,0,0,1,scalars,0.1636,0.1609,0.1636,0.1609,0.1851,0.0489
947,miscaptioned,1,0,0,scalars,0.1636,0.1609,0.1636,0.1609,0.1851,0.0568
948,out-of-context,1,0,0,scalars,0.1636,0.1609,0.1636,0.1609,0.1851,0.0543
949,true,0,0,1,scalars,0.1636,0.1609,0.1636,0.1609,0.185,0.0447
950,miscaptioned,1,0,0,scalars,0.1636,0.1609,0.1636,0.1609,0.185,0.0465
951,out-of-context,1,0,0,scalars,0.1636,0.1609,0.1636,0.1609,0.1852,0.0774
952,true,0,0,1,scalars,0.1636,0.1609,0.1636,0.1608,0.1851,0.0535
953,miscaptioned,1,0,0,scalars,0.1636,0.1609,0.1636,0.1609,0.185,0.0494
954,out-of-context,1,0,0,scalars,0.1635,0.1609,0.1636,0.1608,0.1852,0.0644
955,true,0,0,1,scalars,0.1636,0.1609,0.1636,0.1608,0.1851,0.0527
956,miscaptioned,1,0,0,scalars,0.1636,0.1609,0.1636,0.1609,0.1851,0.0474
957,out-of-context,1,0,0,scalars,0.1636,0.1609,0.1636,0.1609,0.185,0.0454
958,true,0,0,1,scalars,0.1636,0.1609,0.1636,0.1609,0.1851,0.0472
959,miscaptioned,1,0,0,scalars,0.1636,0.1608,0.1636,0.1609,0.185,0.0465
960,out-of-context,1,0,0,scalars,0.1636,0.1609,0.1636,0.1609,0.1849,0.0393
961,true,0,0,1,scalars,0.1636,0.1608,0.1636,0.161,0.185,0.046
962,miscaptioned,1,0,0,scalars,0.1636,0.1609,0.1636,0.1609,0.1851,0.0486
963,out-of-context,1,0,0,scalars,0.1635,0.1608,0.1636,0.1609,0.1851,0.0541
964,true,0,0,1,scalars,0.1636,0.1609,0.1636,0.1609,0.185,0.0475
965,miscaptioned,1,0,0,scalars,0.1636,0.1608,0.1636,0.1609,0.1851,0.0501
966,out-of-context,1,0,0,scalars,0.1635,0.1608,0.1636,0.1609,0.1852,0.0862
967,true,0,0,1,scalars,0.1636,0.1609,0.1636,0.1609,0.1851,0.0502
968,miscaptioned,1,0,0,scalars,0.1636,0.1609,0.1636,0.1609,0.1851,0.0529
969,out-of-context,1,0,0,scalars,0.1635,0.1608,0.1636,0.1609,0.1852,0.0638
970,true,0,0,1,scalars,0.1636,0.1609,0.1636,0.1608,0.1851,0.0478
971,miscaptioned,1,0,0,scalars,0.1636,0.1609,0.1636,0.1608,0.185,0.043
972,out-of-context,1,0,0,scalars,0.1636,0.161,0.1636,0.1608,0.1851,0.0452
973,true,0,0,1,scalars,0.1636,0.1609,0.1636,0.1609,0.185,0.0417
974,miscaptioned,1,0,0,scalars,0.1635,0.1609,0.1636,0.1608,0.1851,0.0505
975,out-of-context,1,0,0,scalars,0.1635,0.1609,0.1636,0.1609,0.1852,0.0623
976,true,0,0,1,scalars,0.1636,0.1609,0.1636,0.161,0.1848,0.0387
977,miscaptioned,1,0,0,scalars,0.1636,0.1609,0.1636,0.1609,0.1851,0.0564
978,out-of-context,1,0,0,scalars,0.1635,0.1608,0.1636,0.1609,0.1852,0.07
979,true,0,0,1,scalars,0.1636,0.161,0.1636,0.1608,0.185,0.0472
980,miscaptioned,1,0,0,scalars,0.1636,0.1609,0.1636,0.1609,0.185,0.0488
981,out-of-context,1,0,0,scalars,0.1636,0.161,0.1636,0.1607,0.1852,0.091
982,true,0,0,1,scalars,0.1636,0.1609,0.1636,0.1609,0.1849,0.0416
983,miscaptioned,1,0,0,scalars,0.1636,0.1609,0.1636,0.1609,0.185,0.0436
984,true,0,0,1,scalars,0.1636,0.1609,0.1636,0.1609,0.185,0.0431
985,miscaptioned,1,0,0,scalars,0.1636,0.1609,0.1636,0.1609,0.1851,0.048
986,out-of-context,1,0,0,scalars,0.1636,0.1609,0.1636,0.1609,0.185,0.0455
987,true,0,0,1,scalars,0.1636,0.1609,0.1636,0.1609,0.185,0.0464
988,miscaptioned,1,0,0,scalars,0.1636,0.1609,0.1636,0.1609,0.1851,0.0491
989,out-of-context,1,0,0,scalars,0.1635,0.1609,0.1636,0.1609,0.1851,0.0551
990,true,0,0,1,scalars,0.1635,0.1609,0.1636,0.1608,0.1852,0.0587
991,miscaptioned,1,0,0,scalars,0.1635,0.1609,0.1636,0.1608,0.1851,0.0509
992,out-of-context,1,0,0,scalars,0.1635,0.1609,0.1636,0.1608,0.1852,0.0634
993,true,0,0,1,scalars,0.1636,0.1609,0.1637,0.161,0.1848,0.0352
994,miscaptioned,1,0,0,scalars,0.1635,0.1609,0.1636,0.1609,0.1851,0.0498
995,out-of-context,1,0,0,scalars,0.1635,0.1609,0.1636,0.1609,0.1851,0.0465
996,true,0,0,1,scalars,0.1636,0.1609,0.1636,0.1609,0.1849,0.0411
997,miscaptioned,1,0,0,scalars,0.1636,0.1609,0.1636,0.1608,0.1852,0.0704
998,out-of-context,1,0,0,scalars,0.1636,0.1609,0.1636,0.1609,0.1851,0.0543
999,true,0,0,1,scalars,0.1636,0.1608,0.1636,0.1609,0.1851,0.0517
1000,miscaptioned,1,0,0,scalars,0.1635,0.1608,0.1636,0.1609,0.1851,0.0554
