idx,caption,label,entities,factcheck_score,entailment_score,contradiction_score,neutral_score,wiki_context_length,status,n_chunks,top_chunks_used,avg_top_sim
0,Jake Davis who has been released from a young offender institution first appeared in court in 2011,True,Jake Davis,0.031247,0.11602,0.084773,0.799207,260,ok,1,1,0.2039785292854426
1,The ring was found by Philip Cooper while using his metal detector in Cwm Cadnat,True,Philip Cooper|Cwm Cadnat,-0.005568,0.008223,0.013791,0.977986,929,ok,1,1,0.09620170372091405
2,Banned food items at Hall Road Academy include crisps chocolate sweets and fizzy drinks,True,Hall Road Academy,0.0,0.5,0.5,0.0,0,no_wiki_result,0,0,0.0
3,Skier Sean Rose in action at the 2006 Winter Paralympic Games in Turin,True,Skier Sean Rose|Winter Paralympic Games|Turin,0.00255,0.002986,0.000436,0.996578,1500,ok,13,2,0.08667606341609747
4,Officials said dozens of villages had been severely damaged by the quake,True,Officials|dozens|villages|the quake,0.00543,0.006737,0.001306,0.991957,1500,ok,23,3,0.024049207395647098
5,Alex Salmond was elected to the House of Commons in last week s general election,True,Alex Salmond|the House of Commons,0.002634,0.005523,0.002888,0.991589,1500,ok,11,2,0.1294048702455669
6,The Masjid Darussalam in San Francisco was built in a former Victorianstyle department store and eschews sex segregated worship,True,The Masjid Darussalam|San Francisco|Victorianstyle,0.006498,0.010768,0.00427,0.984961,1500,ok,5,1,0.11830128716232731
7,The airport was bought by the Welsh government for 52m in 2013,True,Welsh,0.032891,0.036075,0.003184,0.960742,374,ok,4,1,0.0696449313618228
8,Anyone found killing a swan can faces a maximum 5000 fine or imprisonment,True,Anyone|a swan|a maximum 5000 fine|imprisonment,-0.00076,0.000996,0.001756,0.997249,1500,ok,8,2,0.03239514169355672
9,The idea of adaptive optics has been embraced by a range of scientific applications not just astronomy,True,The idea|adaptive optics|a range|scientific applications,-0.01158,0.007772,0.019351,0.972877,1500,ok,9,2,0.08845147311950483
10,Kurdish fighters have clashed with alNusra militiamen near the Turkish border,True,Kurdish|Turkish,0.943488,0.948849,0.005362,0.045789,1402,ok,4,2,0.12129764440611072
11,The attack took place at Dixons Kings Academy in Bradford on 11 June,True,Dixons Kings Academy|Bradford,0.000644,0.001584,0.00094,0.997476,1500,ok,13,2,0.12104081580183039
12,This Lego dragon was found on a beach in Brighton by artist Ella Robinson,True,Lego|Brighton|Ella Robinson,-0.000329,0.000572,0.0009,0.998528,1500,ok,10,2,0.049598099367019644
13,This piece of plastic appears to be part of a Lego crate which may have contained some of the lost toys,True,Lego,1.1e-05,0.000475,0.000464,0.999062,1500,ok,7,1,0.1054228484730065
14,Battir in the Bethlehem governorate has been proposed as a UNESCO world heritage site,True,Battir|Bethlehem|UNESCO,0.358524,0.364512,0.005988,0.629499,1500,ok,23,3,0.10750184017273774
15,River Markland age four found this octopus at Castle Beach in Falmouth,True,Castle Beach|Falmouth,0.385221,0.611265,0.226043,0.162692,775,ok,4,1,0.07945859135890578
16,Patricia Denis found a Lego flipper similar to those from the Tokio Express in Melbourne Australia,True,Patricia Denis|Lego|the Tokio Express|Melbourne,-0.000383,0.000454,0.000837,0.998708,1500,ok,13,2,0.05439081261138469
17,The Livingstones with three of their children in 1850 Lake Ngami,True,Livingstones|Lake Ngami,0.007265,0.008455,0.00119,0.990355,1500,ok,3,1,0.1419175666035419
18,These pieces were found by Ally Atkinson in the Lizard Gunwalloe and Poldhu in southern Cornwall,True,Ally Atkinson|the Lizard Gunwalloe|Poldhu|Cornwall,-0.016911,0.013524,0.030435,0.95604,1500,ok,10,2,0.056053011832148704
19,The report recommends better working between NHS 24 and the Scottish Ambulance Service,True,NHS|the Scottish Ambulance Service,0.000194,0.000444,0.00025,0.999306,1500,ok,4,1,0.07480932053301242
20,Enid Blyton pictured with daughters Gillian and Imogen was a prolific writer,True,Enid Blyton|Gillian|Imogen,-6.9e-05,0.000239,0.000308,0.999454,1500,ok,12,3,0.06948965561171394
21,Scotgold hope to extract gold and silver from the mine which is based at Cononish,True,Cononish,0.007172,0.007748,0.000576,0.991676,1500,ok,9,1,0.11990072107262266
22,Plymouth University chairman of governors William Taylor faces allegations of sexual harassment,True,Plymouth University|William Taylor,7.1e-05,0.00028,0.000209,0.999511,1500,ok,22,2,0.0838541831481904
23,Laura Ferris 11 found these assorted Lego items at Penhale near Perranporth Cornwall,True,Laura Ferris 11|Lego|Penhale|Cornwall,-0.000388,0.000485,0.000873,0.998641,1500,ok,14,3,0.05656733926850602
24,Police want to speak to the woman dressed as the Incredible Hulk character,True,Police|the woman|the Incredible Hulk character,0.003472,0.003862,0.00039,0.995748,1500,ok,6,1,0.0495916915404317
25,These items were caught in a fisherman s net 25 miles out to sea off the Cornish coast,True,Cornish,0.011469,0.017334,0.005864,0.976802,803,ok,7,1,0.08354850249400762
26,The university has appointed a barrister to support their investigation into allegations against Mr Taylor,True,Taylor,-0.781969,0.09153,0.873499,0.034971,1144,ok,7,1,0.11693448831434666
27,Members of the Pickard family hold some of the dragons found by their relative Margaret when in her 80s,True,Pickard|Margaret,0.331778,0.369351,0.037573,0.593076,1500,ok,15,2,0.05979485100635698
28,According to the Solar Trade Association over 34000 are employed in the industry,True,the Solar Trade Association,0.0,0.5,0.5,0.0,0,no_wiki_result,0,0,0.0
29,The recall affects millions of cables sold with Surface Pro tablets,True,Surface Pro,0.560647,0.5676,0.006954,0.425446,769,ok,2,1,0.15176522992947597
30,The woman dressed as the Incredible Hulk had green body paint and dyed red hair,True,the Incredible Hulk,0.04912,0.053391,0.004271,0.942337,1500,ok,5,1,0.10638591119555647
31,Deployment of rooftop solar installations in the UK has increased significantly in recent years,True,UK,-0.126765,0.019413,0.146178,0.834409,1500,ok,4,1,0.04515157700465398
32,The whale has tipped onto its side and is floating near Joppa beach,True,Joppa,-0.849711,0.048539,0.89825,0.053211,613,ok,5,1,0.09952901549803994
33,Stelfox s also starred in Common As Muck and Making Out,True,Stelfox|Muck,-0.900796,0.040918,0.941714,0.017368,897,ok,9,2,0.10420044312302439
34,The two crashes caused hours of delays on the motorway and surrounding roads,True,The two crashes|hours|delays|the motorway,0.002522,0.003831,0.00131,0.994859,1500,ok,18,2,0.0525937010999319
35,BBC Newsnight s Paul Mason spoke to migrants who claimed that they were pushed back from Spanish waters,True,BBC|Paul Mason|Spanish,0.000267,0.000369,0.000102,0.999529,1500,ok,10,3,0.08985053503207392
36,The city council is responsible for removing the sperm whale s carcass,True,The city council|the sperm whale|carcass,0.717833,0.79316,0.075328,0.131512,748,ok,5,1,0.05410132089706349
37,Stelfox was in the first series of Keeping Up Appearances with Judy Cornwell,True,Judy Cornwell,0.211969,0.213131,0.001162,0.785707,1373,ok,6,1,0.18489398939526028
38,Conservative chairman Grant Shapps said Britain had negotiated lots of impossible things from the EU,True,Grant Shapps|Britain|EU,-0.000139,0.000476,0.000615,0.998908,1500,ok,15,3,0.05483192959269259
39,Horsing around Mr Trippe helped save this horse two weeks ago,True,Trippe,0.2491,0.344476,0.095376,0.560149,838,ok,3,1,0.05636826221535257
40,The ship listed and sank on 16 April 2014 capsizing over a threehour period,True,The ship|16 April|a threehour period,-0.987164,0.002517,0.989681,0.007802,1500,ok,6,1,0.0430873135746793
41,I asked my mate to take a couple of photos he was nt too keen but he took them Mr Trippe told the BBC,True,Trippe|BBC,0.010851,0.011954,0.001103,0.986943,1500,ok,7,2,0.055834291205154526
42,Qantas was one of the airlines that rolled the fuel charge into its basic fare last year,True,Qantas,0.000181,0.000281,0.0001,0.999619,1500,ok,6,1,0.08190475357508704
43,The government wants to get net migration below 100000 a year,True,The government|net migration,0.002286,0.003781,0.001495,0.994724,1500,ok,20,2,0.098773125993207
44,BA is one of the airlines charging a carrier imposed surcharge,True,BA,0.397431,0.477413,0.079982,0.442605,619,ok,11,1,0.06078506680031359
45,The Bunker Diary is one of ten Young Adult novels from author Kevin Brooks,True,Young Adult|Kevin Brooks,0.001031,0.002455,0.001424,0.996121,1500,ok,6,2,0.16238842407148116
46,The Sewol ferry disaster left 304 people mostly teenage students dead or missing,True,Sewol,0.067047,0.081961,0.014914,0.903126,1500,ok,7,1,0.08231548818290513
47,Damien Hirst s The Physical Impossibility of Death in the Mind of Someone Living was commissioned by art collector Charles Saatchi,True,Damien Hirst|Charles Saatchi,0.001155,0.001764,0.000609,0.997628,1500,ok,15,2,0.14170059078531003
48,There is evidence the children were thrown down the well after the adults,True,evidence|the children|the adults,0.034915,0.039422,0.004507,0.95607,1500,ok,5,1,0.09629821168896403
49,Los Zetas leader Omar Trevino was arrested by the Mexican authorities in March,True,Los Zetas|Omar Trevino|Mexican,-8.1e-05,0.000176,0.000257,0.999567,1500,ok,11,2,0.07544413945088238
50,Ryan Newman driver of the No 39 Chevrolet was born in South Bend Indiana on December 8 1977,True,Ryan Newman|Chevrolet|South Bend Indiana,0.001995,0.002416,0.000421,0.997162,1500,ok,5,2,0.18454368193074652
51,Northwestern s Brian Arnfelt hosts the Gator Bowl trophy after the 3420 win over Mississippi State,True,Northwestern|Brian Arnfelt|the Gator Bowl|Mississippi,0.239972,0.406888,0.166916,0.426196,1500,ok,16,3,0.06407089271876504
52,Demonstrators shout insults at members of the Baltimore Police as they stand guard outside the Western District station,True,the Baltimore Police|Western District,0.405912,0.577023,0.171111,0.251866,870,ok,3,1,0.11332135232546507
53,With new seatback systems expanded video libraries and even iPads loaded with programs and games airlines are upgrading the inflight entertainment for passengers,True,iPads,7.2e-05,0.000497,0.000425,0.999078,1500,ok,3,1,0.015712823548270523
54,A US Navy boat conducts an exercise in the Arabian Sea on June 12 2012,True,US Navy|the Arabian Sea,0.024042,0.032697,0.008655,0.958648,1500,ok,17,2,0.0553001325277889
55,The outlook for US airlines is sunny according to a trade group,True,US,-0.999851,1.9e-05,0.99987,0.000111,1500,ok,4,1,0.0
56,The leaderboard tells the story Tiger Woods is in front leading into the final round Woods actually birdied the 18th to get to 18 under,True,Tiger Woods|Woods,1.2e-05,0.000648,0.000637,0.998715,1500,ok,10,2,0.096738937699347
57,At the Ralph Lauren Fall 2009 fashion show during New York Fashion Week on February 20 2009,True,the Ralph Lauren|New York Fashion Week,-0.003024,0.00359,0.006614,0.989796,1500,ok,11,1,0.15317737080741248
58,Nebraska coach Mike Riley and former Oregon State student and sexual assault victim Brenda Tracy met for the first time Wednesday in Lincoln Neb,True,Nebraska|Mike Riley|Oregon State|Brenda Tracy,-0.000434,0.000571,0.001005,0.998424,1500,ok,15,3,0.08258250555223935
59,Cast members Chris Evans left Samuel L Jackson and Tom Hiddleston were on hand to accept the movie of the year award for Marvel s The Avengers,True,Chris Evans|Samuel L Jackson|Tom Hiddleston,0.002312,0.00361,0.001298,0.995092,1500,ok,14,3,0.07343350844609829
60,Nov 15 2014 Mavericks forward Richard Jefferson dunks against the Timberwolves,True,Mavericks|Richard Jefferson|Timberwolves,-0.449823,0.244221,0.694044,0.061735,1500,ok,35,3,0.0833484813357534
61,Florida State Seminoles running back Devonta Freeman runs the ball during the first quarter against the Duke Blue Devils at Bank of America Stadium,True,Florida|Seminoles|Devonta Freeman|Bank of America Stadium,0.000299,0.002013,0.001714,0.996274,1500,ok,26,4,0.07562464031690816
62,Runners take off at the start of the Firecracker 5K in Port Carbon Pa,True,Port Carbon Pa,0.0,0.5,0.5,0.0,0,no_wiki_result,0,0,0.0
63,Michael Dell at the fifth annual Dell Women s Entrepreneur Network meeting in Austin,True,Michael Dell|Dell Women s Entrepreneur Network|Austin,0.002934,0.006621,0.003687,0.989692,1500,ok,20,2,0.07646002775692844
64,Houston linebacker Emeke Egbule returns a fumble against for a touchdown against Tulsa,True,Houston|Tulsa,-0.975657,0.000782,0.976439,0.022779,1500,ok,12,2,0.05071452585313534
65,The Postal Service is hiring 30000 seasonal workers to handle the overload of mailings,True,The Postal Service,-0.00568,0.014415,0.020095,0.965489,1500,ok,6,1,0.04347185091853837
66,A giant sculpture of a Giraffe wearing a swimsuit and buoy by artist Jean Francois Fourtou named GiGi is a focal point of Anthem of the Seas exterior decks,True,Giraffe|Jean Francois Fourtou|GiGi|Anthem,-0.000439,0.008637,0.009076,0.982287,1500,ok,25,3,0.03361495808520262
67,Crews work to clean up Sunday morning in Rehoboth Beach following coastal flooding The storm caused severe coastal erosion and damage to the boardwalk,True,Rehoboth Beach,-0.000928,0.00029,0.001218,0.998491,1500,ok,5,1,0.08060483527316993
68,Parents and Danvers High School students hold candlelight vigil to mourn the death of Colleen Ritzer a 24yearold math teacher at Danvers High School on Wednesday Oct 23 2013,True,Danvers High School|Colleen Ritzer,-0.416725,0.010199,0.426924,0.562877,1500,ok,11,1,0.22447406083210256
69,Businessman and coowner of the Philadelphia Inquirer Lewis Katz walks from a courtroom in City Hall in Philadelphia on Oct 28 2013,True,the Philadelphia Inquirer Lewis Katz|City Hall|Philadelphia,0.011546,0.013869,0.002324,0.983807,1500,ok,8,2,0.07397709728010794
70,Michael Dunn is brought into the Duval County Courthouse in Jacksonville Fla for a hearing on Aug 15 2013,True,Michael Dunn|Jacksonville Fla,-0.851021,0.05782,0.908841,0.033339,1093,ok,1,1,0.20505084809022064
71,West Virginia Mountaineers head coach Dana Holgorsen speaks to the media during the Big 12 Media Day at the Omni Dallas,True,Dana Holgorsen|Omni|Dallas,-0.000733,0.00142,0.002153,0.996427,1500,ok,19,3,0.06631560516220979
72,Sanders speaks about the Workplace Democracy Act on Capitol Hill on Oct 6 2015,True,Sanders|Capitol Hill,0.004633,0.004976,0.000344,0.99468,1500,ok,13,2,0.0673377843425511
73,George Clooney attends the Money Monster press conference during the 69th annual Cannes Film Festival,True,George Clooney|Money Monster|Cannes Film Festival,0.001124,0.00169,0.000565,0.997745,1500,ok,16,3,0.10312337622285811
74,Navy Midshipmen march on the the field prior to the game against the Fordham Rams at Navy Marine Corps Memorial Stadium,True,Navy|the Fordham Rams|Navy Marine Corps Memorial,0.000935,0.00388,0.002946,0.993174,1500,ok,3,1,0.06469566224666289
75,Game 1 Tigers shortstop Jhonny Peralta hits an RBI single against the Red Sox during the sixth inning at Fenway Park,True,Jhonny Peralta|RBI|the Red Sox|Fenway Park,0.040228,0.067485,0.027257,0.905258,1500,ok,16,4,0.09381913170181441
76,No 7 Los Angeles A view of downtown taken in 2012,True,Los Angeles|A view|downtown,0.003338,0.004068,0.00073,0.995202,1500,ok,12,2,0.05481286063613377
77,In this Oct 10 2015 file photo North Korean leader Kim Jong Un gestures as he watches a military parade in Pyongyang North Korea,True,North Korean|Kim Jong Un|Pyongyang|North Korea,0.001329,0.001549,0.000221,0.99823,1500,ok,16,4,0.23118912065660166
78,Two women react to the not guilty verdict outside the Seminole County Courthouse in Sanford Fla,True,Seminole County Courthouse|Sanford Fla,-0.999262,7e-05,0.999332,0.000598,145,ok,1,1,0.2595667891400498
79,Butler guard Kellen Dunham and forward Roosevelt Jones will both be back to lead the Bulldogs in 201516,True,Butler|Kellen Dunham|Roosevelt Jones|Bulldogs,0.00033,0.000734,0.000404,0.998861,1500,ok,27,4,0.06462636057016831
80,Unidentified armed men in military style uniforms patrol near an airport building in Simferopol,True,Simferopol,0.002115,0.007354,0.005239,0.987406,1500,ok,11,1,0.0464715717421233
81,Leona Helmsley seen with husband Harry Helmsley was convicted in 1989 of evading 12 million in federal taxes,True,Leona Helmsley|Harry Helmsley,0.000655,0.001688,0.001033,0.99728,1500,ok,11,2,0.13197749767207123
82,Notre Dame blew a late 12point lead before sinking the goahead bucket with 16 seconds left,True,Notre Dame,0.454297,0.666736,0.212439,0.120826,1500,ok,22,1,0.06505261811667296
83,May Myat Noe winner of Miss Asia Pacific World Super talent 2014 holds her crown during a press conference in Yangon on Sept 2 2014,True,May Myat Noe|Miss Asia Pacific World Super|Yangon,0.119,0.127303,0.008303,0.864394,1500,ok,12,2,0.10663725113027392
84,San Francisco 49ers cornerback Tramaine Brock breaks up the pass intended for Arizona Cardinals wide receiver Jaron Brown at Levi s Stadium,True,San Francisco|Tramaine|Brock|Arizona Cardinals,0.004754,0.009135,0.004381,0.986483,1500,ok,28,4,0.05297890669279464
85,Jordan Linn Graham center leaves the federal courthouse in Missoula Mont on Oct 4,True,Jordan Linn Graham|Missoula Mont,0.0,0.5,0.5,0.0,0,no_wiki_result,0,0,0.0
86,One of the heavy machines in Facebook s new hardware lab is a 5axis water jet that can cut sheets of any material from steel to granite,True,Facebook,3e-06,0.000133,0.00013,0.999738,1500,ok,5,1,0.038253637189060795
87,A Turkish antiriot police officer and an employee of a private security company patrols check as passengers enter the Ataturk airport international arrival terminal on June 29 2016,True,Turkish|Ataturk,0.940636,0.9415,0.000864,0.057636,1500,ok,8,2,0.05091424620993332
88,London McCabe s uncle said the happy little boy loved hats,True,London McCabe s,0.0,0.5,0.5,0.0,0,no_wiki_result,0,0,0.0
89,Dale Earnhardt Jr saw his day end early after getting caught up in two different crashes,True,Dale Earnhardt Jr,6.1e-05,0.003337,0.003276,0.993387,1500,ok,4,1,0.10696195526356604
90,This screenshot from 930 am ET shows snow moving across the midAtlantic and Northeast,True,midAtlantic|Northeast,0.187077,0.241264,0.054187,0.704549,1500,ok,8,1,0.039352930003543084
91,American Airlines shows off its new look unveiling this Boeing 737800 in updated livery at a ceremony near its Texas headquarters on Jan 17 2013,True,American Airlines|Boeing|Texas,-0.003632,0.020695,0.024327,0.954979,1500,ok,22,3,0.07120667570061508
92,A joint memorial service is held in Ansan South Korea to mark the one year anniversary of the Sewol ferry disaster Video provided by AFP,True,Ansan South Korea|Sewol|AFP,-0.164316,0.065395,0.229711,0.704894,1500,ok,18,2,0.055997603946011575
93,A ceramicandconcrete octopus rises from the playa dust at Burning Man The artist said he wanted to design something that Burners would interact with,True,A ceramicandconcrete octopus|the playa dust|Burning Man|The artist,0.004243,0.004853,0.00061,0.994537,1500,ok,12,2,0.05869523517782149
94,Fashion designer Zac Posen speaks at a Delta event unveiling the airline s new uniforms which Posen helped design,True,Zac Posen|Delta|Posen,0.004974,0.008729,0.003755,0.987515,1500,ok,41,3,0.10974040519287359
95,Will and Kate look delighted as they visit the XLP mentoring project for vulnerable youths,True,Kate|XLP,-0.08606,0.423271,0.509332,0.067397,1500,ok,8,2,0.057957136665506254
96,George Clooney and Jennifer Lopez in a scene from the motion picture Out of Sight,True,George Clooney|Jennifer Lopez,0.002702,0.003967,0.001265,0.994768,1500,ok,8,2,0.07193715774525881
97,Yoenis Cespedes hoists the championship trophy after winning the 2014 Home Run Derby at Target Field,True,Yoenis Cespedes|Target Field,0.050746,0.062804,0.012058,0.925138,1500,ok,15,2,0.07103553556520842
98,A pleasurable way to visit Finca El Ocaso an organic farm outside of Salento is to walk through the scenic countryside down a rapidlydescending road,True,Finca El Ocaso|Salento,0.549294,0.759975,0.210681,0.029344,1500,ok,10,1,0.0220726740408442
99,Traders work on the floor of the New York Stock Exchange,True,the New York Stock Exchange,-0.001808,0.001364,0.003172,0.995465,1500,ok,6,1,0.2102930946265998
100,Robert Ethan Saylor is seen here in this family photo taken during a summer festival in 2012,True,Robert Ethan Saylor,0.0,0.5,0.5,0.0,0,no_wiki_result,0,0,0.0
101,Corbin Aoyagi a supporter of gay marriage waves a rainbow flag during a rally at the Utah State Capitol on Jan 28,True,Corbin Aoyagi|Utah|Capitol,-0.126491,0.001564,0.128055,0.870382,1500,ok,13,2,0.05585962253325425
102,Veterans from the Kansas Honor Flight watch as the Sentinels begin the Changing of the Guard ceremony,True,Kansas,-0.012852,0.001633,0.014485,0.983882,1500,ok,7,1,0.04972347097177623
103,Jim Lehrer moderates a debate between President Bill Clinton and Republican nominee Bob Dole at the Bushnell Center for Performing Arts in Hartford Conn in 1996,True,Jim Lehrer|Bill Clinton|Republican|Bob Dole,-0.828867,0.012059,0.840927,0.147014,1500,ok,23,4,0.07369714750392378
104,Swiss Guards stand below the balcony where the new pope will appear,True,Swiss Guards,-0.000957,0.00124,0.002198,0.996562,1500,ok,8,1,0.10688022603487439
105,Civilians who fled the recent fighting stack their belongings up outside the gate of the United Nations Mission in South Sudan,True,the United Nations Mission,0.0,0.5,0.5,0.0,0,no_wiki_result,0,0,0.0
106,US first lady Michelle Obama enters the East Room for a session of a Fashion Education Workshop at the White House on Oct 8 in Washington DC,True,US|Michelle Obama|the East Room|a Fashion Education Workshop,0.003962,0.008601,0.004639,0.98676,1500,ok,7,2,0.03955299826666246
107,A woman lies on a bed at a hospital after she was injured in the earthquake,True,A woman|a bed|a hospital|she,0.960363,0.961758,0.001395,0.036848,1500,ok,20,2,0.04410678313406877
108,People stand under loudspeakers installed for a Hindu festival on a roadside in the northern Indian city of Allahabad,True,Hindu|Indian|Allahabad,0.00191,0.002263,0.000353,0.997383,1500,ok,16,3,0.07964396706711195
109,Colombian President Juan Manuel Santos speaks about the current situation in Colombia at the Wilson Center in Washington on Feb 2,True,Colombian|Juan Manuel Santos|Colombia|the Wilson Center,0.069853,0.076275,0.006421,0.917304,1500,ok,15,4,0.09150816380105307
110,There has been little investigation into burneddown bars or who sprayed bullets into the facade of the El Rincon del Angus steakhouse,True,the El Rincon del Angus,0.0,0.5,0.5,0.0,0,no_wiki_result,0,0,0.0
111,Ryan Murphy of the United States wins gold in the 100 meter backstroke,True,Ryan Murphy|the United States,0.004374,0.018827,0.014453,0.966719,1500,ok,6,2,0.10466338748085498
112,Redskins running back Matt Jones gets past Ravens cornerback Anthony Levine in the third quarter,True,Redskins|Matt Jones|Ravens|Anthony Levine,-0.880364,0.036298,0.916662,0.047041,1500,ok,20,4,0.07402006346473913
113,Moseley also painted the walls of the laundry room at Birmingham Green,True,Moseley|Birmingham Green,-0.623845,0.015219,0.639063,0.345718,1500,ok,7,1,0.09151971834897236
114,A boy wanders through a field of rice near Dia on Aug 18,True,Dia,-0.221397,0.349648,0.571045,0.079307,1155,ok,10,1,0.04993857347438663
115,Councilman David Catania speaks with principal Tui Roper left and social worker Anita Lewis right during a visit to Burrville Elementary School Jan 16 2012,True,David Catania|Tui Roper|Anita Lewis|Burrville Elementary School Jan 16 2012,0.000824,0.00284,0.002016,0.995144,1500,ok,7,1,0.07297406688118459
116,Grapes ripen at the Raisin Valley Farms cooperative in Kerman where Marvin Horne produces raisins,True,the Raisin Valley Farms|Kerman|Marvin Horne,0.000245,0.000504,0.000259,0.999237,1500,ok,26,2,0.06782139515403003
117,Hyundai Merchant Marine Co s Hyundai Forward container ship approaches a terminal at Busan New Port in Busan South Korea on Sept 9,True,Hyundai Merchant Marine Co s|Hyundai|Busan New Port|Busan South Korea,0.343857,0.442002,0.098145,0.459852,1500,ok,2,1,0.1417304123766592
118,Shimon Peres right signs copies of his book The New Middle East in Budapest,True,Shimon Peres|Budapest,0.0205,0.023163,0.002663,0.974174,1500,ok,8,2,0.06511932650108457
119,Prince William left returns from an active ambulance sortie ahead of the Queen s visit to the new East Anglian Air Ambulance Base at Cambridge Airport in Cambridge England,True,Prince William|East Anglian Air Ambulance Base|Cambridge Airport|Cambridge,-0.999325,0.000108,0.999432,0.00046,1500,ok,18,3,0.12003533716061406
120,Investigators and onlookers gather after a security guard at the Family Research Council was shot and wounded in Washington,True,the Family Research Council|Washington,0.523238,0.70979,0.186553,0.103657,1500,ok,17,1,0.06992317693635405
121,Sarah Brown running while visiting her husband s parents in Lakewood Ranch Fla Brown gave birth recently and is set to compete at the Olympic Trials in July,True,Sarah Brown|Lakewood Ranch|Fla Brown|the Olympic Trials,0.001597,0.005487,0.003889,0.990624,1500,ok,12,2,0.09881537445791146
122,New Jersey man arrested for beating girlfriend s 2yearold son to death,True,New Jersey,-0.004295,0.008321,0.012615,0.979064,1500,ok,3,1,0.09995981568313005
123,Republican presidential candidate Ben Carson smiles during a speech at the National Association of Latino Elected and Appointed Officials,True,Republican|Ben Carson|the National Association of Latino Elected,0.014455,0.019002,0.004547,0.976451,1500,ok,8,2,0.061313252697458756
124,Serena Williams started strong against Roberta Vinci of Italy winning the first set 62 in their US Open semifinal match Friday,True,Serena Williams|Roberta Vinci|Italy|US Open,-0.012257,0.009244,0.0215,0.969256,1500,ok,17,4,0.08173434751088772
125,Media members run after Clinton s motorcade as it arrives at Kirkwood Community College in Monticello Iowa before a small roundtable discussion,True,Clinton|Kirkwood Community College|Monticello Iowa,0.197835,0.316121,0.118286,0.565592,1500,ok,10,2,0.08097543370330525
126,New research measures just how electable each of the candidates is,True,New research measures|just how electable each|the candidates,0.0,0.5,0.5,0.0,0,no_wiki_result,0,0,0.0
127,After Aiken s runnerup turn on American Idol he launched a performing career that took him to the American Music Awards in 2003 pictured to stadiums and to Broadway,True,Aiken|the American Music Awards|Broadway,-0.01155,0.003227,0.014777,0.981996,1500,ok,24,2,0.08217707982587144
128,The face of a winner World Chili Eating Championship victor Joey Chestnut films a commercial in Bethesda,True,Joey Chestnut|Bethesda,0.003433,0.004118,0.000684,0.995198,1500,ok,17,2,0.08148619904131224
129,President Obama and his wife Michelle bid farewell to Rev Luis Leon after attending a Sunday morning service at St John s Church,True,Obama|Michelle|Rev Luis Leon|St John s Church,0.002945,0.006928,0.003983,0.989089,1500,ok,10,2,0.04870140636682568
130,A bouquet of flowers on the anchor outside the Washington Navy Yard complex,True,Washington Navy Yard,0.002851,0.004102,0.001251,0.994647,1500,ok,7,1,0.10395135054976894
131,Ukrainian sappers ride on a truck used for neutralizing shells which were left by proRussia fighters near Slovyansk Ukraine,True,Ukrainian|proRussia|Slovyansk|Ukraine,0.095202,0.139633,0.044431,0.815936,1500,ok,13,3,0.06962501231843092
132,Residents in Charlotte walk near a solidwall bridge being built as part of the city s 93mile extension of its lightrail Blue Line,True,Charlotte,0.686341,0.802233,0.115892,0.081874,1134,ok,14,1,0.08400874603906128
133,Clinton shakes hands with a supporter during a rally in Winterville,True,Clinton|Winterville,0.223713,0.420397,0.196684,0.382918,1500,ok,8,2,0.09305315238670162
134,Mayor Cory Booker arrives at the polls in Newark to vote in the primary,True,Cory Booker|Newark,-0.095834,0.011578,0.107411,0.881011,1500,ok,13,2,0.10698565416726057
135,Norwegian Prime Minister Erna Solberg with European Commission President JeanClaude Juncker in Brussels,True,Norwegian|Erna Solberg|European Commission|JeanClaude Juncker,-0.138401,0.368277,0.506678,0.125045,1500,ok,22,3,0.09582376326851287
136,An elderly woman crosses a street inTokyo Japan on Tuesday June 16 2015,True,Japan,0.003752,0.012926,0.009174,0.9779,1500,ok,4,1,0.030319056576279285
137,A proposed law would prohibit companies from imposing penalties or fees against reviewers,True,A proposed law|companies|penalties|fees,0.022452,0.026735,0.004284,0.968981,1500,ok,24,3,0.04452525598332404
138,Parking restrictions are posted on meters around the areas where inaugural events will be held Street parking will be limited for security reasons,True,Parking restrictions|meters|the areas|inaugural events,-0.147966,0.125333,0.273299,0.601368,1089,ok,7,1,0.0
139,Crews worked on a sinkhole on Jones Mills Road in Chevy Chase Md,True,Jones Mills Road|Chevy,0.000121,0.000476,0.000354,0.99917,1500,ok,4,1,0.011344359732581738
140,A man walks on debris in Tacloban Thousands of people are feared buried in the rubble,True,Tacloban Thousands,0.0,0.5,0.5,0.0,0,no_wiki_result,0,0,0.0
141,During the stadium announcement Mayor Vincent C Gray is flanked by Jason Levien left DC United managing partner and Allen Y Lew right city administrator for the District,True,Vincent C Gray|Jason Levien|DC United|Allen Y Lew,-0.997817,0.000163,0.997979,0.001858,1500,ok,12,2,0.07751631099695101
142,William and Catherine with their two children Prince George and Princess Charlotte at Kensington Palace in London,True,William|Catherine|Prince George|Princess Charlotte,0.002204,0.005879,0.003674,0.990447,1500,ok,20,4,0.08718616005902985
143,Afghan artists talk as they attend a graduation ceremony at Turquoise Mountain Institute in Kabul on March 2,True,Afghan|Turquoise Mountain Institute|Kabul,0.192296,0.195159,0.002863,0.801979,1500,ok,10,2,0.0585945617123183
144,Egyptian women gather to denounce sexual violence and harassment against women in Cairo,True,Egyptian|Cairo,0.024676,0.02665,0.001974,0.971376,1500,ok,10,2,0.04551202218249924
145,Ivanka Trump waits for the start of the third presidential debate at the Thomas Mack Center in Las Vegas,True,Ivanka Trump|the Thomas Mack Center|Las Vegas,0.000214,0.025541,0.025327,0.949133,1500,ok,12,2,0.06773977479641982
146,Cruz of Texas speaks at Woodrow Wilson Middle School in Terre Haute Ind,True,Cruz|Texas|Woodrow Wilson Middle School|Terre Haute Ind,-0.473689,0.232264,0.705953,0.061782,1500,ok,23,4,0.0866055345867596
147,Kelvin Sewell poses for a photo with Sarai White 9 outside the City Council chambers,True,Kelvin Sewell|Sarai White 9|City Council,0.984377,0.98501,0.000633,0.014358,1500,ok,5,1,0.04211301015751414
148,Villagers of Kabrit watch an ambulance as it prepares to unload the bodies of victims from the crashed Russian airplane,True,Kabrit|Russian,0.145873,0.166428,0.020555,0.813017,884,ok,2,1,0.06655067137822392
149,A Ferguson Police officer is overcome with emotion during a vigil held in honor of Jamyla Bolden on August 20 2015 in Ferguson Mo,True,Ferguson Police|Jamyla Bolden|Ferguson Mo,0.0,0.5,0.5,0.0,0,no_wiki_result,0,0,0.0
150,Tortola the capital of the British Virgin Islands sometimes referred to as the offshore capital of the world 17000 UK companies have been controlled from the BVI,True,Tortola|the British Virgin Islands|UK|BVI,0.000935,0.000988,5.3e-05,0.998959,1500,ok,27,4,0.15077575715874084
151,Charles II s lover Nell Gwyn as captured by an anonymous 17thcentury hand Click to see a larger uncropped version of the painting,True,Charles II s|Nell Gwyn,0.027976,0.029027,0.001051,0.969921,1500,ok,3,1,0.08707222529985652
152,The Twits are joined by new characters Handsome Waltzer Boy Yorkshire Terrier Man and Tattooed Fortune Teller Lady,True,Handsome Waltzer Boy|Yorkshire Terrier|Fortune Teller,0.000563,0.001233,0.00067,0.998097,1500,ok,15,2,0.07016160285354908
153,Bradley Manning arrives at a military court facility for the sentencing phase of his trial,True,Bradley Manning,0.001921,0.003852,0.001931,0.994218,1500,ok,5,1,0.09475388055811439
154,John Boehner said the House of Representatives would deal with immigration reform in chunks,True,John Boehner|the House of Representatives,0.005918,0.007696,0.001777,0.990527,1500,ok,11,2,0.08116973267059377
155,Jason Watkins and Monica Dolan as the warring couple in The Twits at the Royal Court adapted by Enda Walsh,True,Jason Watkins|Monica Dolan|the Royal Court|Enda Walsh,-0.00155,0.004817,0.006367,0.988816,1500,ok,28,4,0.08114527640194882
156,Fresh fringe Uncle Vanya at The Print Room a London fringe venue that opened in September 2010,True,Uncle Vanya|The Print Room a London,-0.001375,0.000972,0.002348,0.99668,1500,ok,8,1,0.03560754091934477
157,Holger Osieck exits as Socceroos coach with the Australian team s performance at rock bottom,True,Holger Osieck|Socceroos|Australian,-0.001148,0.00037,0.001518,0.998112,1500,ok,13,3,0.0823060166374151
158,There are likely to be tens of thousands of empty seats at Twickenham Stadium for the Heineken Cup semifinal between Saracens and Toulon,True,Twickenham Stadium|the Heineken Cup|Saracens|Toulon,0.097426,0.098145,0.000719,0.901136,1500,ok,18,3,0.055804517074735334
159,WH Smith has also bought the Wild Cards and Gifts chain in Australia in January which operates 50 small gift shops,True,WH Smith|the Wild Cards|Australia,0.696078,0.770958,0.074879,0.154163,1500,ok,12,2,0.07195935625522557
160,Amazon founder and chief executive Jeff Bezos has made an investment in financial news site Business Insider led by controversial former analyst Henry Blodget,True,Amazon|Jeff Bezos|Business Insider|Henry Blodget,0.14167,0.263097,0.121426,0.615477,1500,ok,31,4,0.10240204597613192
161,Vladimir Putin Angela Merkel Francois Hollande and Petro Poroshenko pose for a group photo during the Ukraine peace talks in Minsk,True,Vladimir Putin Angela Merkel Francois Hollande|Ukraine|Minsk,0.0006,0.001137,0.000537,0.998326,1500,ok,10,2,0.04017756410641954
162,Jean Dujardin in Lost in Rio one of the spoofspy OSS 117 films,True,Jean Dujardin|Rio|OSS,-0.008456,0.060878,0.069334,0.869788,1500,ok,33,3,0.09854737985324724
163,The Shakespeare of Shapiro s book is uncertain about his career,True,Shakespeare|Shapiro,0.001562,0.001785,0.000223,0.997992,1500,ok,10,2,0.09112284854944852
164,Former Mexican president Ernesto Zedillo in 2000 While in office in the 90s Zedillo began a war against Mexican cartels that exploded in the second half of the decade,True,Mexican|Ernesto Zedillo,0.008414,0.012178,0.003764,0.984058,1500,ok,12,2,0.09695039561406371
165,Those travelling to Heathrow by car could face a congestion charge under revised plans for the airport s expansion,True,Heathrow,-0.009212,0.006636,0.015848,0.977517,1500,ok,8,1,0.09971414249495693
166,The Pianist Adrien Brody s character Wadysaw Szpilman wins the sympathy of a Nazi officer amid the ruins of Warsaw by playing the Ballade,True,Adrien Brody|Wadysaw Szpilman|Nazi|Warsaw,0.003008,0.004486,0.001478,0.994036,1500,ok,15,3,0.03753173194268081
167,I happen to have a PhD in genetics but that technical knowledge does nt help me when writing about archaeology or physics,True,I|a PhD|genetics|technical knowledge,0.012722,0.019713,0.006992,0.973295,1500,ok,21,2,0.01849042410753455
168,Halifax says the economy is supporting housing demand others are less sure,True,Halifax,0.749462,0.811297,0.061835,0.126868,804,ok,13,1,0.061046930912825016
169,Flouting conventions Desmond Barrit in A Funny Thing Happened on the Way to the Forum at the Olivier theatre in 2004,True,Desmond Barrit|Forum|Olivier,-0.007894,0.003806,0.011701,0.984493,1500,ok,21,3,0.09879705263303669
170,Tokyo Japan A model on wheelchair presents a creation by designer Takafumi Tsuruta from his autumnwinter 20152016 collection for his brand tenbo during Tokyo Fashion Week,True,Tokyo|Japan|Takafumi Tsuruta|Tokyo Fashion Week,-0.003214,0.001889,0.005103,0.993008,1500,ok,9,3,0.14540737156803588
171,A Taser gun Farmer was walking away from PC Wright at the time and posed no threat an IPCC investigation found,True,Taser|Wright|IPCC,0.000969,0.001257,0.000288,0.998455,1500,ok,12,3,0.04522835589357874
172,A policeman has been awarded 60000 in damages in a high court judgment against the Times,True,Times,0.921346,0.922813,0.001467,0.07572,347,ok,15,1,0.05597793195598986
173,Output from industry in October was just 03 higher than a year ago and remains almost 5 below its precredit crunch peak,True,Output|industry|October|its precredit crunch peak,0.016023,0.022482,0.006459,0.971058,1500,ok,30,3,0.07976009411050362
174,Vatican City Pope Francis arrives at St Peter s square to lead his weekly general audience,True,Vatican City|Francis|St Peter s square,0.087262,0.101287,0.014025,0.884688,1500,ok,12,2,0.0992657484708067
175,Alexander Buttner right only made 15 appearances for Manchester United last season,True,Alexander Buttner|Manchester United,0.003883,0.009796,0.005913,0.984291,1500,ok,11,2,0.10386263525107331
176,A Bulgarian town s mayor has said his local side are insulting the community and has stepped in to take over coaching them,True,Bulgarian,0.086309,0.112854,0.026545,0.860601,647,ok,2,1,0.08789861350425626
177,Enda Kenny and David Cameron shown in a file photograph are visiting Belfast to try to bridge gaps between the Stormont parties,True,Enda Kenny|David Cameron|Belfast|Stormont,-0.071591,0.045894,0.117486,0.83662,1500,ok,23,4,0.03846286919226708
178,A graphic showing different energy sources that provide green energy at Hugh FearnleyWhittingstall s River Cottage,True,Hugh FearnleyWhittingstall s River Cottage,0.0,0.5,0.5,0.0,0,no_wiki_result,0,0,0.0
179,Lalitpur Nepal A woman working in the mustard fields of Khokana,True,Lalitpur Nepal A|Khokana,0.008412,0.009496,0.001084,0.989419,1500,ok,16,1,0.16103816273243163
180,A US military illustration from Project 1794 strongly resembles a flying saucer,True,US|Project 1794,0.001164,0.002248,0.001084,0.996668,1500,ok,8,2,0.04390368339669367
181,No problem with noisy neighbours at the Dubai International Cricket Stadium,True,the Dubai International Cricket Stadium,0.0,0.5,0.5,0.0,0,no_wiki_result,0,0,0.0
182,Edinburgh UK University fashion students Kikie McKenzie Alana Hilton Olivia Bright Julie Mills and Heather Dooley showcase their work created for the Edinburgh college of Art fashion show,True,Edinburgh|UK University|Kikie McKenzie|Alana Hilton,0.009601,0.010518,0.000916,0.988566,1500,ok,4,1,0.04344149762411444
183,Stargazers gathered in Northumberland National Park the only place in England granted Dark Sky Park status,True,Northumberland National Park|England|Dark Sky Park,-0.004273,0.001313,0.005586,0.993101,1500,ok,22,3,0.1580651635433706
184,Cumbria UK The aurora borealis over Derwentwater near Keswick in the Lake District See more amazing images here,True,Cumbria|UK|Derwentwater|Keswick,0.003946,0.004373,0.000428,0.995199,1500,ok,17,4,0.07767864815519553
185,In 2009 Donald Eugene Gates became the first man to be exonerated after being imprisoned on fantasy hair evidence,True,Donald Eugene Gates,0.0,0.5,0.5,0.0,0,no_wiki_result,0,0,0.0
186,Vladivostok Russia Cadets take part in a rally commemorating the first anniversary of the annexing of Crimea,True,Vladivostok|Crimea,-0.013813,0.002755,0.016568,0.980678,1500,ok,13,2,0.05110251153502647
187,Population ageing which increased steadily through the 20th century is set to intensify in the coming decades,True,Population ageing|which|the 20th century|the coming decades,0.001504,0.001999,0.000495,0.997506,1500,ok,6,2,0.06826242692158385
188,US defense secretary Leon Panetta has declared alQaida in the Islamic Maghreb responsible for the In Amenas attack,True,US|Leon Panetta|Islamic|Maghreb,0.001128,0.002524,0.001396,0.996079,1500,ok,24,4,0.03351242055091003
189,Sale s Danny Cipriani runs at the Cardiff Blues defence following his gamechanging introduction,True,Danny Cipriani|Cardiff Blues,-0.003267,0.003833,0.007099,0.989068,1500,ok,14,2,0.07636864253766164
190,Luis Suarez will serve a fourmonth ban for biting Italy s Giorgio Chiellini,True,Luis Suarez|Italy|Giorgio Chiellini,-0.000823,0.001466,0.002289,0.996245,1500,ok,15,3,0.03592487377178715
191,London UK The chancellor George Osborne prepares to pose for the media with the traditional red dispatch box outside his official residence at 11 Downing Street,True,London|UK|George Osborne|11 Downing Street,0.001516,0.001587,7.2e-05,0.998341,1500,ok,19,4,0.07089905910888358
192,Big star Renee Zellweger in Bridget Jones s Diary a third film could be on the way with a more slimline Bridget,True,Renee Zellweger|Bridget Jones|Bridget,-0.026651,0.001586,0.028237,0.970178,1500,ok,14,3,0.11004172477206452
193,The proposed new route for the Keystone XL pipeline in Neligh Nebraska,True,Keystone XL|Neligh Nebraska,0.003574,0.004542,0.000968,0.99449,1500,ok,3,1,0.21046277870691968
194,Barack Obama told an audience in Mount Holly North Carolina We ca nt just rely on fossil fuels from the last century,True,Barack Obama|Mount Holly North Carolina,-0.006441,0.031042,0.037482,0.931476,1500,ok,3,1,0.05191351152244178
195,Autumn Veatch was a passenger on a plane that crashed on Saturday with two other people on board She survived and walked out of the remote crash site,True,Autumn Veatch,0.0,0.5,0.5,0.0,0,no_wiki_result,0,0,0.0
196,Bee populations have collapsed across Europe with many scientists attributing this to the use of neonicotinoids,True,Europe,0.003051,0.005245,0.002193,0.992562,1500,ok,4,1,0.05684099913334745
197,The European health insurance card provides access to the health systems across the EU,True,European|EU,0.020397,0.025918,0.005521,0.968562,1500,ok,8,2,0.050942250497891584
198,Uber driver Karim Amrani sits in his car parked near the San Francisco International Airport parking area in San Francisco,True,Karim Amrani|the San Francisco International Airport|San Francisco,-0.003934,0.000868,0.004801,0.994331,1500,ok,9,2,0.12330978272146564
199,A fire engine arrives at a burning building after shelling in Maryinka village outside Donetsk in eastern Ukraine,True,Maryinka|Donetsk|Ukraine,0.064927,0.220206,0.15528,0.624514,1500,ok,15,3,0.06351516072880027
200,A statue of the virgin Mary holding an orb of light.,True,Mary,0.0,0.5,0.5,0.0,0,no_wiki_result,0,0,0.0
201,A dairy cow sticking its tongue out from inside its stall.,True,A dairy cow|its tongue|its stall,0.0,0.5,0.5,0.0,0,no_wiki_result,0,0,0.0
202,A clock sitting on a post above the statues of two birds.,True,A clock|a post|the statues|two birds,0.0,0.5,0.5,0.0,0,no_wiki_result,0,0,0.0
203,A girl holding a tennis racket in her hand while on the tennis court,True,A girl|a tennis racket|her hand|the tennis court,0.0,0.5,0.5,0.0,0,no_wiki_result,0,0,0.0
204,two dogs laying in a bed with thick covers,True,two dogs|a bed|thick covers,0.0,0.5,0.5,0.0,0,no_wiki_result,0,0,0.0
205,A clock hangs on a wall of a neglected building.,True,A clock|a wall|a neglected building,0.0,0.5,0.5,0.0,0,no_wiki_result,0,0,0.0
206,The skiers stood on top of the mountain.,True,The skiers|top|the mountain,0.0,0.5,0.5,0.0,0,no_wiki_result,0,0,0.0
207,Two dogs in a grassy field with one dog holding an orange disc.,True,Two dogs|a grassy field|one dog|an orange disc,0.0,0.5,0.5,0.0,0,no_wiki_result,0,0,0.0
208,An umpire is in jump action while the pitcher launches the ball.,True,An umpire|jump action|the pitcher|the ball,0.0,0.5,0.5,0.0,0,no_wiki_result,0,0,0.0
209,Man standing beneath large sail on beach with man controlling from distance.,True,Man|large sail|beach|distance,0.0,0.5,0.5,0.0,0,no_wiki_result,0,0,0.0
210,A child standing on the floor with a toothbrush in hand.,True,A child|the floor|a toothbrush|hand,0.0,0.5,0.5,0.0,0,no_wiki_result,0,0,0.0
211,A person looks at a very big computer monitor.,True,A person|a very big computer monitor,0.0,0.5,0.5,0.0,0,no_wiki_result,0,0,0.0
212,three people standing in front of trays of doughnuts and bagels,True,three people|front|trays|doughnuts,0.0,0.5,0.5,0.0,0,no_wiki_result,0,0,0.0
213,This is a picture of four stuffed animals.,True,This|a picture|four stuffed animals,0.0,0.5,0.5,0.0,0,no_wiki_result,0,0,0.0
214,A black and orange cat sitting on a wooden counter top.,True,A black and orange cat|a wooden counter top,0.0,0.5,0.5,0.0,0,no_wiki_result,0,0,0.0
